2025-11-27T22:10:22.265Z 	 info: Azurite Blob service is starting on 127.0.0.1:10000
2025-11-27T22:10:22.266Z 	 info: AccountDataStore:init() Refresh accounts from environment variable AZURITE_ACCOUNTS with value undefined
2025-11-27T22:10:22.266Z 	 info: AccountDataStore:init() Fallback to default emulator account devstoreaccount1.
2025-11-27T22:10:22.271Z 	 info: BlobGCManager:start() Starting BlobGCManager. Set status to Initializing.
2025-11-27T22:10:22.271Z 	 info: BlobGCManager:start() Trigger mark and sweep loop. Set status to Running.
2025-11-27T22:10:22.271Z 	 info: BlobGCManager:markSweepLoop() Start next mark and sweep.
2025-11-27T22:10:22.271Z 	 info: BlobGCManager:markSweep() Get all extents.
2025-11-27T22:10:22.271Z 	 info: BlobGCManager:start() BlobGCManager successfully started.
2025-11-27T22:10:22.272Z 	 info: BlobGCManager:markSweep() Got 0 extents.
2025-11-27T22:10:22.273Z 	 info: BlobGCManager:markSweep() Get referred extents.
2025-11-27T22:10:22.273Z 	 info: BlobGCManager:markSweep() Got referred extents, unreferenced extents count is 0.
2025-11-27T22:10:22.273Z 	 info: BlobGCManager:markSweepLoop() Mark and sweep finished, taken 2ms.
2025-11-27T22:10:22.273Z 	 info: BlobGCManager:markSweepLoop() Sleep for 600000ms.
2025-11-27T22:10:22.275Z 	 info: Azurite Blob service successfully listens on http://127.0.0.1:10000
2025-11-27T22:10:22.276Z 	 info: Azurite Queue service is starting on 127.0.0.1:10001
2025-11-27T22:10:22.276Z 	 info: AccountDataStore:init() Refresh accounts from environment variable AZURITE_ACCOUNTS with value undefined
2025-11-27T22:10:22.276Z 	 info: AccountDataStore:init() Fallback to default emulator account devstoreaccount1.
2025-11-27T22:10:22.278Z 	 info: QueueGCManager:start() Starting QueueGCManager, set status to Initializing
2025-11-27T22:10:22.278Z 	 info: QueueGCManager:start() Trigger mark and sweep loop, set status to Running.
2025-11-27T22:10:22.278Z 	 info: QueueGCManager:markSweepLoop() Start new mark and sweep.
2025-11-27T22:10:22.278Z 	 info: QueueGCManger:markSweep() Get all extents.
2025-11-27T22:10:22.278Z 	 info: QueueGCManager:start() QueueGCManager successfully started.
2025-11-27T22:10:22.278Z 	 info: QueueGCManager:marksweep() Get 0 extents.
2025-11-27T22:10:22.278Z 	 info: QueueGCManager:markSweep() Get referred extents, then remove from allExtents.
2025-11-27T22:10:22.278Z 	 info: QueueGCManager:markSweep() Got referred extents, unreferenced extents count is 0.
2025-11-27T22:10:22.278Z 	 info: QueueGCManager:markSweepLoop() Mark and sweep finished, take 0ms.
2025-11-27T22:10:22.278Z 	 info: QueueGCManager:markSweepLoop() Sleep for 60000
2025-11-27T22:10:22.279Z 	 info: Azurite Queue service successfully listens on http://127.0.0.1:10001
2025-11-27T22:10:22.280Z 	 info: Azurite Table service is starting on 127.0.0.1:10002
2025-11-27T22:10:22.280Z 	 info: AccountDataStore:init() Refresh accounts from environment variable AZURITE_ACCOUNTS with value undefined
2025-11-27T22:10:22.280Z 	 info: AccountDataStore:init() Fallback to default emulator account devstoreaccount1.
2025-11-27T22:10:22.281Z 	 info: Azurite Table service successfully listens on http://127.0.0.1:10002
2025-11-27T22:10:22.282Z 	 info: InstaceID 07a86f88-d810-459a-836d-0241e6983242, SessionID 5be67b0b-3eb5-4274-96b3-2029874faf99.
2025-11-27T22:10:22.292Z 	 info: Telemetry initialize successfully.
2025-11-27T22:10:22.294Z 	 verbose: Send start telemetry
2025-11-27T22:11:22.268Z 	 info: AccountDataStore:init() Refresh accounts from environment variable AZURITE_ACCOUNTS with value undefined
2025-11-27T22:11:22.268Z 	 info: AccountDataStore:init() Fallback to default emulator account devstoreaccount1.
2025-11-27T22:11:22.277Z 	 info: AccountDataStore:init() Refresh accounts from environment variable AZURITE_ACCOUNTS with value undefined
2025-11-27T22:11:22.277Z 	 info: AccountDataStore:init() Fallback to default emulator account devstoreaccount1.
2025-11-27T22:11:22.278Z 	 info: QueueGCManager:markSweepLoop() Start new mark and sweep.
2025-11-27T22:11:22.279Z 	 info: QueueGCManger:markSweep() Get all extents.
2025-11-27T22:11:22.279Z 	 info: QueueGCManager:marksweep() Get 0 extents.
2025-11-27T22:11:22.279Z 	 info: QueueGCManager:markSweep() Get referred extents, then remove from allExtents.
2025-11-27T22:11:22.279Z 	 info: QueueGCManager:markSweep() Got referred extents, unreferenced extents count is 0.
2025-11-27T22:11:22.279Z 	 info: QueueGCManager:markSweepLoop() Mark and sweep finished, take 0ms.
2025-11-27T22:11:22.279Z 	 info: QueueGCManager:markSweepLoop() Sleep for 60000
2025-11-27T22:11:22.280Z 	 info: AccountDataStore:init() Refresh accounts from environment variable AZURITE_ACCOUNTS with value undefined
2025-11-27T22:11:22.280Z 	 info: AccountDataStore:init() Fallback to default emulator account devstoreaccount1.
2025-11-27T22:11:33.448Z bba346e3-9b36-4592-8b98-e313251acc38 info: TableStorageContextMiddleware: RequestMethod=GET RequestURL=http://127.0.0.1/devstoreaccount1/Consultant() RequestHeaders:{"accept":"application/json;odata=minimalmetadata","x-ms-version":"2019-02-02","dataserviceversion":"3.0","accept-encoding":"gzip,deflate","user-agent":"azsdk-js-data-tables/13.1.2 core-rest-pipeline/1.22.2 Node/22.18.0 (Darwin 24.6.0; arm64)","x-ms-client-request-id":"ccb6ceac-b241-4b4e-89d1-23ea71e56952","x-ms-date":"Thu, 27 Nov 2025 22:11:33 GMT","authorization":"SharedKeyLite devstoreaccount1:pAZ5YhmBMfopLsUqWCaX1cvtrja95PgmuON8FfisKd4=","host":"127.0.0.1:10002","connection":"keep-alive"} ClientIP=127.0.0.1 Protocol=http HTTPVersion=1.1
2025-11-27T22:11:33.448Z bba346e3-9b36-4592-8b98-e313251acc38 debug: tableStorageContextMiddleware: Dispatch pattern string: /Consultant()
2025-11-27T22:11:33.448Z bba346e3-9b36-4592-8b98-e313251acc38 info: tableStorageContextMiddleware: Account=devstoreaccount1 tableName=Consultant
2025-11-27T22:11:33.448Z bba346e3-9b36-4592-8b98-e313251acc38 verbose: DispatchMiddleware: Dispatching request...
2025-11-27T22:11:33.448Z bba346e3-9b36-4592-8b98-e313251acc38 info: DispatchMiddleware: Operation=Table_QueryEntities
2025-11-27T22:11:33.448Z bba346e3-9b36-4592-8b98-e313251acc38 verbose: AuthenticationMiddlewareFactory:createAuthenticationMiddleware() Validating authentications.
2025-11-27T22:11:33.449Z bba346e3-9b36-4592-8b98-e313251acc38 info: TableSharedKeyLiteAuthenticator:validate() Start validation against account shared key authentication.
2025-11-27T22:11:33.449Z bba346e3-9b36-4592-8b98-e313251acc38 info: TableSharedKeyLiteAuthenticator:validate() [STRING TO SIGN]:"Thu, 27 Nov 2025 22:11:33 GMT\n/devstoreaccount1/devstoreaccount1/Consultant()"
2025-11-27T22:11:33.449Z bba346e3-9b36-4592-8b98-e313251acc38 info: TableSharedKeyLiteAuthenticator:validate() Calculated authentication header based on key1: SharedKeyLite devstoreaccount1:pAZ5YhmBMfopLsUqWCaX1cvtrja95PgmuON8FfisKd4=
2025-11-27T22:11:33.449Z bba346e3-9b36-4592-8b98-e313251acc38 info: TableSharedKeyLiteAuthenticator:validate() Signature 1 matched.
2025-11-27T22:11:33.449Z bba346e3-9b36-4592-8b98-e313251acc38 verbose: DeserializerMiddleware: Start deserializing...
2025-11-27T22:11:33.450Z bba346e3-9b36-4592-8b98-e313251acc38 info: HandlerMiddleware: DeserializedParameters={"options":{"queryOptions":{},"requestId":"ccb6ceac-b241-4b4e-89d1-23ea71e56952","dataServiceVersion":"3.0"},"version":"2019-02-02"}
2025-11-27T22:11:33.450Z bba346e3-9b36-4592-8b98-e313251acc38 error: ErrorMiddleware: Received a MiddlewareError, fill error information to HTTP response
2025-11-27T22:11:33.450Z bba346e3-9b36-4592-8b98-e313251acc38 error: ErrorMiddleware: ErrorName=StorageError ErrorMessage="The table specified does not exist."  ErrorHTTPStatusCode=404 ErrorHTTPStatusMessage=undefined ErrorHTTPHeaders={"x-ms-error-code":"TableNotFound","x-ms-request-id":"bba346e3-9b36-4592-8b98-e313251acc38","x-ms-version":"2025-11-05"} ErrorHTTPBody="{\"odata.error\":{\"code\":\"TableNotFound\",\"message\":{\"lang\":\"en-US\",\"value\":\"The table specified does not exist.\\nRequestId:bba346e3-9b36-4592-8b98-e313251acc38\\nTime:2025-11-27T22:11:33.450Z\"}}}" ErrorStack="\"StorageError: The table specified does not exist.\\n    at StorageErrorFactory.getTableNotExist (/Users/rabiawilliams/AgentsToolkitProjects/Trey-Research/node_modules/azurite/dist/src/table/errors/StorageErrorFactory.js:54:16)\\n    at LokiTableMetadataStore.getEntityCollection (/Users/rabiawilliams/AgentsToolkitProjects/Trey-Research/node_modules/azurite/dist/src/table/persistence/LokiTableMetadataStore.js:602:53)\\n    at LokiTableMetadataStore.queryTableEntities (/Users/rabiawilliams/AgentsToolkitProjects/Trey-Research/node_modules/azurite/dist/src/table/persistence/LokiTableMetadataStore.js:268:44)\\n    at TableHandler.queryEntities (/Users/rabiawilliams/AgentsToolkitProjects/Trey-Research/node_modules/azurite/dist/src/table/handlers/TableHandler.js:349:81)\\n    at /Users/rabiawilliams/AgentsToolkitProjects/Trey-Research/node_modules/azurite/dist/src/table/generated/middleware/HandlerMiddlewareFactory.js:58:18\\n    at /Users/rabiawilliams/AgentsToolkitProjects/Trey-Research/node_modules/azurite/dist/src/table/generated/ExpressMiddlewareFactory.js:77:63\\n    at Layer.handle [as handle_request] (/Users/rabiawilliams/AgentsToolkitProjects/Trey-Research/node_modules/express/lib/router/layer.js:95:5)\\n    at trim_prefix (/Users/rabiawilliams/AgentsToolkitProjects/Trey-Research/node_modules/express/lib/router/index.js:328:13)\\n    at /Users/rabiawilliams/AgentsToolkitProjects/Trey-Research/node_modules/express/lib/router/index.js:286:9\\n    at Function.process_params (/Users/rabiawilliams/AgentsToolkitProjects/Trey-Research/node_modules/express/lib/router/index.js:346:12)\""
2025-11-27T22:11:33.450Z bba346e3-9b36-4592-8b98-e313251acc38 error: ErrorMiddleware: Set HTTP code: 404
2025-11-27T22:11:33.450Z bba346e3-9b36-4592-8b98-e313251acc38 error: ErrorMiddleware: Set HTTP Header: x-ms-error-code=TableNotFound
2025-11-27T22:11:33.450Z bba346e3-9b36-4592-8b98-e313251acc38 error: ErrorMiddleware: Set HTTP Header: x-ms-request-id=bba346e3-9b36-4592-8b98-e313251acc38
2025-11-27T22:11:33.450Z bba346e3-9b36-4592-8b98-e313251acc38 error: ErrorMiddleware: Set HTTP Header: x-ms-version=2025-11-05
2025-11-27T22:11:33.450Z bba346e3-9b36-4592-8b98-e313251acc38 error: ErrorMiddleware: Set content type: application/json;odata=minimalmetadata;streaming=true;charset=utf-8
2025-11-27T22:11:33.450Z bba346e3-9b36-4592-8b98-e313251acc38 error: ErrorMiddleware: Set HTTP body: "{\"odata.error\":{\"code\":\"TableNotFound\",\"message\":{\"lang\":\"en-US\",\"value\":\"The table specified does not exist.\\nRequestId:bba346e3-9b36-4592-8b98-e313251acc38\\nTime:2025-11-27T22:11:33.450Z\"}}}"
2025-11-27T22:11:33.451Z bba346e3-9b36-4592-8b98-e313251acc38 verbose: Send Table telemetry: T_Table_QueryEntities
2025-11-27T22:11:33.451Z bba346e3-9b36-4592-8b98-e313251acc38 info: EndMiddleware: End response. TotalTimeInMS=4 StatusCode=404 StatusMessage=Not Found Headers={"server":"Azurite-Table/3.35.0","x-ms-error-code":"TableNotFound","x-ms-request-id":"bba346e3-9b36-4592-8b98-e313251acc38","x-ms-version":"2025-11-05","content-type":"application/json;odata=minimalmetadata;streaming=true;charset=utf-8"}
2025-11-27T22:12:22.269Z 	 info: AccountDataStore:init() Refresh accounts from environment variable AZURITE_ACCOUNTS with value undefined
2025-11-27T22:12:22.271Z 	 info: AccountDataStore:init() Fallback to default emulator account devstoreaccount1.
2025-11-27T22:12:22.279Z 	 info: AccountDataStore:init() Refresh accounts from environment variable AZURITE_ACCOUNTS with value undefined
2025-11-27T22:12:22.279Z 	 info: AccountDataStore:init() Fallback to default emulator account devstoreaccount1.
2025-11-27T22:12:22.279Z 	 info: QueueGCManager:markSweepLoop() Start new mark and sweep.
2025-11-27T22:12:22.280Z 	 info: QueueGCManger:markSweep() Get all extents.
2025-11-27T22:12:22.280Z 	 info: QueueGCManager:marksweep() Get 0 extents.
2025-11-27T22:12:22.280Z 	 info: QueueGCManager:markSweep() Get referred extents, then remove from allExtents.
2025-11-27T22:12:22.280Z 	 info: QueueGCManager:markSweep() Got referred extents, unreferenced extents count is 0.
2025-11-27T22:12:22.280Z 	 info: QueueGCManager:markSweepLoop() Mark and sweep finished, take 0ms.
2025-11-27T22:12:22.280Z 	 info: QueueGCManager:markSweepLoop() Sleep for 60000
2025-11-27T22:12:22.281Z 	 info: AccountDataStore:init() Refresh accounts from environment variable AZURITE_ACCOUNTS with value undefined
2025-11-27T22:12:22.281Z 	 info: AccountDataStore:init() Fallback to default emulator account devstoreaccount1.
2025-11-27T22:13:22.270Z 	 info: AccountDataStore:init() Refresh accounts from environment variable AZURITE_ACCOUNTS with value undefined
2025-11-27T22:13:22.271Z 	 info: AccountDataStore:init() Fallback to default emulator account devstoreaccount1.
2025-11-27T22:13:22.280Z 	 info: AccountDataStore:init() Refresh accounts from environment variable AZURITE_ACCOUNTS with value undefined
2025-11-27T22:13:22.280Z 	 info: AccountDataStore:init() Fallback to default emulator account devstoreaccount1.
2025-11-27T22:13:22.281Z 	 info: QueueGCManager:markSweepLoop() Start new mark and sweep.
2025-11-27T22:13:22.281Z 	 info: QueueGCManger:markSweep() Get all extents.
2025-11-27T22:13:22.281Z 	 info: QueueGCManager:marksweep() Get 0 extents.
2025-11-27T22:13:22.281Z 	 info: QueueGCManager:markSweep() Get referred extents, then remove from allExtents.
2025-11-27T22:13:22.281Z 	 info: QueueGCManager:markSweep() Got referred extents, unreferenced extents count is 0.
2025-11-27T22:13:22.281Z 	 info: QueueGCManager:markSweepLoop() Mark and sweep finished, take 0ms.
2025-11-27T22:13:22.281Z 	 info: QueueGCManager:markSweepLoop() Sleep for 60000
2025-11-27T22:13:22.282Z 	 info: AccountDataStore:init() Refresh accounts from environment variable AZURITE_ACCOUNTS with value undefined
2025-11-27T22:13:22.282Z 	 info: AccountDataStore:init() Fallback to default emulator account devstoreaccount1.
2025-11-27T22:14:22.272Z 	 info: AccountDataStore:init() Refresh accounts from environment variable AZURITE_ACCOUNTS with value undefined
2025-11-27T22:14:22.272Z 	 info: AccountDataStore:init() Fallback to default emulator account devstoreaccount1.
2025-11-27T22:14:22.282Z 	 info: AccountDataStore:init() Refresh accounts from environment variable AZURITE_ACCOUNTS with value undefined
2025-11-27T22:14:22.282Z 	 info: AccountDataStore:init() Fallback to default emulator account devstoreaccount1.
2025-11-27T22:14:22.282Z 	 info: QueueGCManager:markSweepLoop() Start new mark and sweep.
2025-11-27T22:14:22.282Z 	 info: QueueGCManger:markSweep() Get all extents.
2025-11-27T22:14:22.283Z 	 info: QueueGCManager:marksweep() Get 0 extents.
2025-11-27T22:14:22.283Z 	 info: QueueGCManager:markSweep() Get referred extents, then remove from allExtents.
2025-11-27T22:14:22.283Z 	 info: QueueGCManager:markSweep() Got referred extents, unreferenced extents count is 0.
2025-11-27T22:14:22.283Z 	 info: QueueGCManager:markSweepLoop() Mark and sweep finished, take 1ms.
2025-11-27T22:14:22.283Z 	 info: QueueGCManager:markSweepLoop() Sleep for 60000
2025-11-27T22:14:22.283Z 	 info: AccountDataStore:init() Refresh accounts from environment variable AZURITE_ACCOUNTS with value undefined
2025-11-27T22:14:22.283Z 	 info: AccountDataStore:init() Fallback to default emulator account devstoreaccount1.
2025-11-27T22:15:22.273Z 	 info: AccountDataStore:init() Refresh accounts from environment variable AZURITE_ACCOUNTS with value undefined
2025-11-27T22:15:22.274Z 	 info: AccountDataStore:init() Fallback to default emulator account devstoreaccount1.
2025-11-27T22:15:22.283Z 	 info: AccountDataStore:init() Refresh accounts from environment variable AZURITE_ACCOUNTS with value undefined
2025-11-27T22:15:22.283Z 	 info: AccountDataStore:init() Fallback to default emulator account devstoreaccount1.
2025-11-27T22:15:22.283Z 	 info: QueueGCManager:markSweepLoop() Start new mark and sweep.
2025-11-27T22:15:22.283Z 	 info: QueueGCManger:markSweep() Get all extents.
2025-11-27T22:15:22.283Z 	 info: QueueGCManager:marksweep() Get 0 extents.
2025-11-27T22:15:22.283Z 	 info: QueueGCManager:markSweep() Get referred extents, then remove from allExtents.
2025-11-27T22:15:22.284Z 	 info: QueueGCManager:markSweep() Got referred extents, unreferenced extents count is 0.
2025-11-27T22:15:22.284Z 	 info: QueueGCManager:markSweepLoop() Mark and sweep finished, take 1ms.
2025-11-27T22:15:22.284Z 	 info: QueueGCManager:markSweepLoop() Sleep for 60000
2025-11-27T22:15:22.284Z 	 info: AccountDataStore:init() Refresh accounts from environment variable AZURITE_ACCOUNTS with value undefined
2025-11-27T22:15:22.284Z 	 info: AccountDataStore:init() Fallback to default emulator account devstoreaccount1.
2025-11-27T22:16:00.019Z 1a591b62-4b7c-43d6-85c2-5e64d622b91b info: TableStorageContextMiddleware: RequestMethod=GET RequestURL=http://127.0.0.1/devstoreaccount1/Tables RequestHeaders:{"accept":"application/json;odata=minimalmetadata","x-ms-version":"2019-02-02","dataserviceversion":"3.0","accept-encoding":"gzip,deflate","user-agent":"azsdk-js-data-tables/13.1.2 core-rest-pipeline/1.22.2 Node/22.18.0 (Darwin 24.6.0; arm64)","x-ms-client-request-id":"34549abe-6f5d-45a9-9368-272734aceb08","x-ms-date":"Thu, 27 Nov 2025 22:16:00 GMT","authorization":"SharedKeyLite devstoreaccount1:jc99933GH/aEbopN6iJ6K9qNpeewZWeIXyBPOsVJ1J8=","host":"127.0.0.1:10002","connection":"keep-alive"} ClientIP=127.0.0.1 Protocol=http HTTPVersion=1.1
2025-11-27T22:16:00.019Z 1a591b62-4b7c-43d6-85c2-5e64d622b91b debug: tableStorageContextMiddleware: Dispatch pattern string: /Tables
2025-11-27T22:16:00.019Z 1a591b62-4b7c-43d6-85c2-5e64d622b91b info: tableStorageContextMiddleware: Account=devstoreaccount1 tableName=undefined
2025-11-27T22:16:00.019Z 1a591b62-4b7c-43d6-85c2-5e64d622b91b verbose: DispatchMiddleware: Dispatching request...
2025-11-27T22:16:00.020Z 1a591b62-4b7c-43d6-85c2-5e64d622b91b info: DispatchMiddleware: Operation=Table_Query
2025-11-27T22:16:00.020Z 1a591b62-4b7c-43d6-85c2-5e64d622b91b verbose: AuthenticationMiddlewareFactory:createAuthenticationMiddleware() Validating authentications.
2025-11-27T22:16:00.020Z 1a591b62-4b7c-43d6-85c2-5e64d622b91b info: TableSharedKeyLiteAuthenticator:validate() Start validation against account shared key authentication.
2025-11-27T22:16:00.020Z 1a591b62-4b7c-43d6-85c2-5e64d622b91b info: TableSharedKeyLiteAuthenticator:validate() [STRING TO SIGN]:"Thu, 27 Nov 2025 22:16:00 GMT\n/devstoreaccount1/devstoreaccount1/Tables"
2025-11-27T22:16:00.020Z 1a591b62-4b7c-43d6-85c2-5e64d622b91b info: TableSharedKeyLiteAuthenticator:validate() Calculated authentication header based on key1: SharedKeyLite devstoreaccount1:jc99933GH/aEbopN6iJ6K9qNpeewZWeIXyBPOsVJ1J8=
2025-11-27T22:16:00.020Z 1a591b62-4b7c-43d6-85c2-5e64d622b91b info: TableSharedKeyLiteAuthenticator:validate() Signature 1 matched.
2025-11-27T22:16:00.020Z 1a591b62-4b7c-43d6-85c2-5e64d622b91b verbose: DeserializerMiddleware: Start deserializing...
2025-11-27T22:16:00.020Z 1a591b62-4b7c-43d6-85c2-5e64d622b91b info: HandlerMiddleware: DeserializedParameters={"options":{"queryOptions":{},"requestId":"34549abe-6f5d-45a9-9368-272734aceb08","dataServiceVersion":"3.0"},"version":"2019-02-02"}
2025-11-27T22:16:00.020Z 1a591b62-4b7c-43d6-85c2-5e64d622b91b verbose: SerializerMiddleware: Start serializing...
2025-11-27T22:16:00.021Z 1a591b62-4b7c-43d6-85c2-5e64d622b91b debug: Serializer: Raw response body string is {"odata.metadata":"http://127.0.0.1:10002/devstoreaccount1/$metadata#Tables","value":[]}
2025-11-27T22:16:00.021Z 1a591b62-4b7c-43d6-85c2-5e64d622b91b info: Serializer: Start returning stream body.
2025-11-27T22:16:00.021Z 1a591b62-4b7c-43d6-85c2-5e64d622b91b verbose: Send Table telemetry: T_Table_Query
2025-11-27T22:16:00.021Z 1a591b62-4b7c-43d6-85c2-5e64d622b91b info: EndMiddleware: End response. TotalTimeInMS=2 StatusCode=200 StatusMessage=OK Headers={"server":"Azurite-Table/3.35.0","content-type":"application/json;odata=minimalmetadata","x-ms-client-request-id":"34549abe-6f5d-45a9-9368-272734aceb08","x-ms-request-id":"1a591b62-4b7c-43d6-85c2-5e64d622b91b","x-ms-version":"2025-11-05","date":"Thu, 27 Nov 2025 22:16:00 GMT"}
2025-11-27T22:16:00.021Z 3a2975c4-d43a-40dd-b2d7-dd1819076c1c info: TableStorageContextMiddleware: RequestMethod=GET RequestURL=http://127.0.0.1/devstoreaccount1/Tables RequestHeaders:{"accept":"application/json;odata=minimalmetadata","x-ms-version":"2019-02-02","dataserviceversion":"3.0","accept-encoding":"gzip,deflate","user-agent":"azsdk-js-data-tables/13.1.2 core-rest-pipeline/1.22.2 Node/22.18.0 (Darwin 24.6.0; arm64)","x-ms-client-request-id":"5ffa4312-7b55-43c6-b444-366016ef6246","x-ms-date":"Thu, 27 Nov 2025 22:16:00 GMT","authorization":"SharedKeyLite devstoreaccount1:jc99933GH/aEbopN6iJ6K9qNpeewZWeIXyBPOsVJ1J8=","host":"127.0.0.1:10002","connection":"keep-alive"} ClientIP=127.0.0.1 Protocol=http HTTPVersion=1.1
2025-11-27T22:16:00.021Z 3a2975c4-d43a-40dd-b2d7-dd1819076c1c debug: tableStorageContextMiddleware: Dispatch pattern string: /Tables
2025-11-27T22:16:00.021Z 3a2975c4-d43a-40dd-b2d7-dd1819076c1c info: tableStorageContextMiddleware: Account=devstoreaccount1 tableName=undefined
2025-11-27T22:16:00.021Z 3a2975c4-d43a-40dd-b2d7-dd1819076c1c verbose: DispatchMiddleware: Dispatching request...
2025-11-27T22:16:00.022Z 3a2975c4-d43a-40dd-b2d7-dd1819076c1c info: DispatchMiddleware: Operation=Table_Query
2025-11-27T22:16:00.022Z 3a2975c4-d43a-40dd-b2d7-dd1819076c1c verbose: AuthenticationMiddlewareFactory:createAuthenticationMiddleware() Validating authentications.
2025-11-27T22:16:00.022Z 3a2975c4-d43a-40dd-b2d7-dd1819076c1c info: TableSharedKeyLiteAuthenticator:validate() Start validation against account shared key authentication.
2025-11-27T22:16:00.022Z 3a2975c4-d43a-40dd-b2d7-dd1819076c1c info: TableSharedKeyLiteAuthenticator:validate() [STRING TO SIGN]:"Thu, 27 Nov 2025 22:16:00 GMT\n/devstoreaccount1/devstoreaccount1/Tables"
2025-11-27T22:16:00.022Z 3a2975c4-d43a-40dd-b2d7-dd1819076c1c info: TableSharedKeyLiteAuthenticator:validate() Calculated authentication header based on key1: SharedKeyLite devstoreaccount1:jc99933GH/aEbopN6iJ6K9qNpeewZWeIXyBPOsVJ1J8=
2025-11-27T22:16:00.022Z 3a2975c4-d43a-40dd-b2d7-dd1819076c1c info: TableSharedKeyLiteAuthenticator:validate() Signature 1 matched.
2025-11-27T22:16:00.022Z 3a2975c4-d43a-40dd-b2d7-dd1819076c1c verbose: DeserializerMiddleware: Start deserializing...
2025-11-27T22:16:00.022Z 3a2975c4-d43a-40dd-b2d7-dd1819076c1c info: HandlerMiddleware: DeserializedParameters={"options":{"queryOptions":{},"requestId":"5ffa4312-7b55-43c6-b444-366016ef6246","dataServiceVersion":"3.0"},"version":"2019-02-02"}
2025-11-27T22:16:00.022Z 3a2975c4-d43a-40dd-b2d7-dd1819076c1c verbose: SerializerMiddleware: Start serializing...
2025-11-27T22:16:00.022Z 3a2975c4-d43a-40dd-b2d7-dd1819076c1c debug: Serializer: Raw response body string is {"odata.metadata":"http://127.0.0.1:10002/devstoreaccount1/$metadata#Tables","value":[]}
2025-11-27T22:16:00.022Z 3a2975c4-d43a-40dd-b2d7-dd1819076c1c info: Serializer: Start returning stream body.
2025-11-27T22:16:00.022Z 3a2975c4-d43a-40dd-b2d7-dd1819076c1c verbose: Send Table telemetry: T_Table_Query
2025-11-27T22:16:00.022Z 3a2975c4-d43a-40dd-b2d7-dd1819076c1c info: EndMiddleware: End response. TotalTimeInMS=1 StatusCode=200 StatusMessage=OK Headers={"server":"Azurite-Table/3.35.0","content-type":"application/json;odata=minimalmetadata","x-ms-client-request-id":"5ffa4312-7b55-43c6-b444-366016ef6246","x-ms-request-id":"3a2975c4-d43a-40dd-b2d7-dd1819076c1c","x-ms-version":"2025-11-05","date":"Thu, 27 Nov 2025 22:16:00 GMT"}
2025-11-27T22:16:00.022Z 28002ebe-9615-4f3b-9861-8f36742d54fe info: TableStorageContextMiddleware: RequestMethod=GET RequestURL=http://127.0.0.1/devstoreaccount1/Tables RequestHeaders:{"accept":"application/json;odata=minimalmetadata","x-ms-version":"2019-02-02","dataserviceversion":"3.0","accept-encoding":"gzip,deflate","user-agent":"azsdk-js-data-tables/13.1.2 core-rest-pipeline/1.22.2 Node/22.18.0 (Darwin 24.6.0; arm64)","x-ms-client-request-id":"ae22c6b9-4a2c-44b8-a1ee-4613928ad164","x-ms-date":"Thu, 27 Nov 2025 22:16:00 GMT","authorization":"SharedKeyLite devstoreaccount1:jc99933GH/aEbopN6iJ6K9qNpeewZWeIXyBPOsVJ1J8=","host":"127.0.0.1:10002","connection":"keep-alive"} ClientIP=127.0.0.1 Protocol=http HTTPVersion=1.1
2025-11-27T22:16:00.023Z 28002ebe-9615-4f3b-9861-8f36742d54fe debug: tableStorageContextMiddleware: Dispatch pattern string: /Tables
2025-11-27T22:16:00.023Z 28002ebe-9615-4f3b-9861-8f36742d54fe info: tableStorageContextMiddleware: Account=devstoreaccount1 tableName=undefined
2025-11-27T22:16:00.023Z 28002ebe-9615-4f3b-9861-8f36742d54fe verbose: DispatchMiddleware: Dispatching request...
2025-11-27T22:16:00.023Z 28002ebe-9615-4f3b-9861-8f36742d54fe info: DispatchMiddleware: Operation=Table_Query
2025-11-27T22:16:00.023Z 28002ebe-9615-4f3b-9861-8f36742d54fe verbose: AuthenticationMiddlewareFactory:createAuthenticationMiddleware() Validating authentications.
2025-11-27T22:16:00.023Z 28002ebe-9615-4f3b-9861-8f36742d54fe info: TableSharedKeyLiteAuthenticator:validate() Start validation against account shared key authentication.
2025-11-27T22:16:00.023Z 28002ebe-9615-4f3b-9861-8f36742d54fe info: TableSharedKeyLiteAuthenticator:validate() [STRING TO SIGN]:"Thu, 27 Nov 2025 22:16:00 GMT\n/devstoreaccount1/devstoreaccount1/Tables"
2025-11-27T22:16:00.023Z 28002ebe-9615-4f3b-9861-8f36742d54fe info: TableSharedKeyLiteAuthenticator:validate() Calculated authentication header based on key1: SharedKeyLite devstoreaccount1:jc99933GH/aEbopN6iJ6K9qNpeewZWeIXyBPOsVJ1J8=
2025-11-27T22:16:00.023Z 28002ebe-9615-4f3b-9861-8f36742d54fe info: TableSharedKeyLiteAuthenticator:validate() Signature 1 matched.
2025-11-27T22:16:00.023Z 28002ebe-9615-4f3b-9861-8f36742d54fe verbose: DeserializerMiddleware: Start deserializing...
2025-11-27T22:16:00.023Z 28002ebe-9615-4f3b-9861-8f36742d54fe info: HandlerMiddleware: DeserializedParameters={"options":{"queryOptions":{},"requestId":"ae22c6b9-4a2c-44b8-a1ee-4613928ad164","dataServiceVersion":"3.0"},"version":"2019-02-02"}
2025-11-27T22:16:00.023Z 28002ebe-9615-4f3b-9861-8f36742d54fe verbose: SerializerMiddleware: Start serializing...
2025-11-27T22:16:00.023Z 28002ebe-9615-4f3b-9861-8f36742d54fe debug: Serializer: Raw response body string is {"odata.metadata":"http://127.0.0.1:10002/devstoreaccount1/$metadata#Tables","value":[]}
2025-11-27T22:16:00.023Z 28002ebe-9615-4f3b-9861-8f36742d54fe info: Serializer: Start returning stream body.
2025-11-27T22:16:00.023Z 28002ebe-9615-4f3b-9861-8f36742d54fe verbose: Send Table telemetry: T_Table_Query
2025-11-27T22:16:00.023Z 28002ebe-9615-4f3b-9861-8f36742d54fe info: EndMiddleware: End response. TotalTimeInMS=1 StatusCode=200 StatusMessage=OK Headers={"server":"Azurite-Table/3.35.0","content-type":"application/json;odata=minimalmetadata","x-ms-client-request-id":"ae22c6b9-4a2c-44b8-a1ee-4613928ad164","x-ms-request-id":"28002ebe-9615-4f3b-9861-8f36742d54fe","x-ms-version":"2025-11-05","date":"Thu, 27 Nov 2025 22:16:00 GMT"}
2025-11-27T22:16:00.024Z 96bf2489-c69a-45ff-98b7-11e0a97b6e89 info: TableStorageContextMiddleware: RequestMethod=POST RequestURL=http://127.0.0.1/devstoreaccount1/Tables RequestHeaders:{"content-type":"application/json;odata=nometadata","accept":"application/json;odata=minimalmetadata","x-ms-version":"2019-02-02","dataserviceversion":"3.0","accept-encoding":"gzip,deflate","user-agent":"azsdk-js-data-tables/13.1.2 core-rest-pipeline/1.22.2 Node/22.18.0 (Darwin 24.6.0; arm64)","x-ms-client-request-id":"d2bb402b-f18e-453c-8852-a6a2e0a86aaf","x-ms-date":"Thu, 27 Nov 2025 22:16:00 GMT","content-length":"23","authorization":"SharedKeyLite devstoreaccount1:jc99933GH/aEbopN6iJ6K9qNpeewZWeIXyBPOsVJ1J8=","host":"127.0.0.1:10002","connection":"keep-alive"} ClientIP=127.0.0.1 Protocol=http HTTPVersion=1.1
2025-11-27T22:16:00.024Z 96bf2489-c69a-45ff-98b7-11e0a97b6e89 debug: tableStorageContextMiddleware: Dispatch pattern string: /Tables
2025-11-27T22:16:00.024Z 96bf2489-c69a-45ff-98b7-11e0a97b6e89 info: tableStorageContextMiddleware: Account=devstoreaccount1 tableName=undefined
2025-11-27T22:16:00.024Z 96bf2489-c69a-45ff-98b7-11e0a97b6e89 verbose: DispatchMiddleware: Dispatching request...
2025-11-27T22:16:00.024Z 96bf2489-c69a-45ff-98b7-11e0a97b6e89 info: DispatchMiddleware: Operation=Table_Create
2025-11-27T22:16:00.024Z 96bf2489-c69a-45ff-98b7-11e0a97b6e89 verbose: AuthenticationMiddlewareFactory:createAuthenticationMiddleware() Validating authentications.
2025-11-27T22:16:00.025Z 96bf2489-c69a-45ff-98b7-11e0a97b6e89 info: TableSharedKeyLiteAuthenticator:validate() Start validation against account shared key authentication.
2025-11-27T22:16:00.025Z 96bf2489-c69a-45ff-98b7-11e0a97b6e89 info: TableSharedKeyLiteAuthenticator:validate() [STRING TO SIGN]:"Thu, 27 Nov 2025 22:16:00 GMT\n/devstoreaccount1/devstoreaccount1/Tables"
2025-11-27T22:16:00.025Z 96bf2489-c69a-45ff-98b7-11e0a97b6e89 info: TableSharedKeyLiteAuthenticator:validate() Calculated authentication header based on key1: SharedKeyLite devstoreaccount1:jc99933GH/aEbopN6iJ6K9qNpeewZWeIXyBPOsVJ1J8=
2025-11-27T22:16:00.025Z 96bf2489-c69a-45ff-98b7-11e0a97b6e89 info: TableSharedKeyLiteAuthenticator:validate() Signature 1 matched.
2025-11-27T22:16:00.025Z 96bf2489-c69a-45ff-98b7-11e0a97b6e89 verbose: DeserializerMiddleware: Start deserializing...
2025-11-27T22:16:00.025Z 96bf2489-c69a-45ff-98b7-11e0a97b6e89 debug: deserialize(): Raw request body string is (removed all empty characters) {"TableName":"Project"}
2025-11-27T22:16:00.025Z 96bf2489-c69a-45ff-98b7-11e0a97b6e89 info: HandlerMiddleware: DeserializedParameters={"options":{"queryOptions":{},"requestId":"d2bb402b-f18e-453c-8852-a6a2e0a86aaf","dataServiceVersion":"3.0"},"version":"2019-02-02","tableProperties":{"tableName":"Project"},"body":"ReadableStream"}
2025-11-27T22:16:00.026Z 96bf2489-c69a-45ff-98b7-11e0a97b6e89 verbose: SerializerMiddleware: Start serializing...
2025-11-27T22:16:00.026Z 96bf2489-c69a-45ff-98b7-11e0a97b6e89 debug: Serializer: Raw response body string is {"odata.metadata":"http://127.0.0.1:10002/devstoreaccount1/$metadata#Tables/@Element","TableName":"Project"}
2025-11-27T22:16:00.026Z 96bf2489-c69a-45ff-98b7-11e0a97b6e89 info: Serializer: Start returning stream body.
2025-11-27T22:16:00.026Z 96bf2489-c69a-45ff-98b7-11e0a97b6e89 verbose: Send Table telemetry: T_Table_Create
2025-11-27T22:16:00.026Z 96bf2489-c69a-45ff-98b7-11e0a97b6e89 info: EndMiddleware: End response. TotalTimeInMS=2 StatusCode=201 StatusMessage=Created Headers={"server":"Azurite-Table/3.35.0","content-type":"application/json;odata=minimalmetadata","x-ms-client-request-id":"d2bb402b-f18e-453c-8852-a6a2e0a86aaf","x-ms-request-id":"96bf2489-c69a-45ff-98b7-11e0a97b6e89","x-ms-version":"2025-11-05","date":"Thu, 27 Nov 2025 22:16:00 GMT","preference-applied":"return-content"}
2025-11-27T22:16:00.026Z 4a8695fb-b31a-4be1-96c3-9763d15b4e2e info: TableStorageContextMiddleware: RequestMethod=POST RequestURL=http://127.0.0.1/devstoreaccount1/Tables RequestHeaders:{"content-type":"application/json;odata=nometadata","accept":"application/json;odata=minimalmetadata","x-ms-version":"2019-02-02","dataserviceversion":"3.0","accept-encoding":"gzip,deflate","user-agent":"azsdk-js-data-tables/13.1.2 core-rest-pipeline/1.22.2 Node/22.18.0 (Darwin 24.6.0; arm64)","x-ms-client-request-id":"a7d68a5b-22ce-4fb5-999e-7b99c9b51323","x-ms-date":"Thu, 27 Nov 2025 22:16:00 GMT","content-length":"26","authorization":"SharedKeyLite devstoreaccount1:jc99933GH/aEbopN6iJ6K9qNpeewZWeIXyBPOsVJ1J8=","host":"127.0.0.1:10002","connection":"keep-alive"} ClientIP=127.0.0.1 Protocol=http HTTPVersion=1.1
2025-11-27T22:16:00.026Z 4a8695fb-b31a-4be1-96c3-9763d15b4e2e debug: tableStorageContextMiddleware: Dispatch pattern string: /Tables
2025-11-27T22:16:00.026Z 4a8695fb-b31a-4be1-96c3-9763d15b4e2e info: tableStorageContextMiddleware: Account=devstoreaccount1 tableName=undefined
2025-11-27T22:16:00.026Z 4a8695fb-b31a-4be1-96c3-9763d15b4e2e verbose: DispatchMiddleware: Dispatching request...
2025-11-27T22:16:00.026Z 4a8695fb-b31a-4be1-96c3-9763d15b4e2e info: DispatchMiddleware: Operation=Table_Create
2025-11-27T22:16:00.026Z 4a8695fb-b31a-4be1-96c3-9763d15b4e2e verbose: AuthenticationMiddlewareFactory:createAuthenticationMiddleware() Validating authentications.
2025-11-27T22:16:00.026Z 4a8695fb-b31a-4be1-96c3-9763d15b4e2e info: TableSharedKeyLiteAuthenticator:validate() Start validation against account shared key authentication.
2025-11-27T22:16:00.026Z 4a8695fb-b31a-4be1-96c3-9763d15b4e2e info: TableSharedKeyLiteAuthenticator:validate() [STRING TO SIGN]:"Thu, 27 Nov 2025 22:16:00 GMT\n/devstoreaccount1/devstoreaccount1/Tables"
2025-11-27T22:16:00.026Z 4a8695fb-b31a-4be1-96c3-9763d15b4e2e info: TableSharedKeyLiteAuthenticator:validate() Calculated authentication header based on key1: SharedKeyLite devstoreaccount1:jc99933GH/aEbopN6iJ6K9qNpeewZWeIXyBPOsVJ1J8=
2025-11-27T22:16:00.026Z 4a8695fb-b31a-4be1-96c3-9763d15b4e2e info: TableSharedKeyLiteAuthenticator:validate() Signature 1 matched.
2025-11-27T22:16:00.026Z 4a8695fb-b31a-4be1-96c3-9763d15b4e2e verbose: DeserializerMiddleware: Start deserializing...
2025-11-27T22:16:00.026Z 4a8695fb-b31a-4be1-96c3-9763d15b4e2e debug: deserialize(): Raw request body string is (removed all empty characters) {"TableName":"Consultant"}
2025-11-27T22:16:00.026Z 4a8695fb-b31a-4be1-96c3-9763d15b4e2e info: HandlerMiddleware: DeserializedParameters={"options":{"queryOptions":{},"requestId":"a7d68a5b-22ce-4fb5-999e-7b99c9b51323","dataServiceVersion":"3.0"},"version":"2019-02-02","tableProperties":{"tableName":"Consultant"},"body":"ReadableStream"}
2025-11-27T22:16:00.027Z 4a8695fb-b31a-4be1-96c3-9763d15b4e2e verbose: SerializerMiddleware: Start serializing...
2025-11-27T22:16:00.027Z 4a8695fb-b31a-4be1-96c3-9763d15b4e2e debug: Serializer: Raw response body string is {"odata.metadata":"http://127.0.0.1:10002/devstoreaccount1/$metadata#Tables/@Element","TableName":"Consultant"}
2025-11-27T22:16:00.027Z 4a8695fb-b31a-4be1-96c3-9763d15b4e2e info: Serializer: Start returning stream body.
2025-11-27T22:16:00.027Z 4a8695fb-b31a-4be1-96c3-9763d15b4e2e verbose: Send Table telemetry: T_Table_Create
2025-11-27T22:16:00.027Z 4a8695fb-b31a-4be1-96c3-9763d15b4e2e info: EndMiddleware: End response. TotalTimeInMS=1 StatusCode=201 StatusMessage=Created Headers={"server":"Azurite-Table/3.35.0","content-type":"application/json;odata=minimalmetadata","x-ms-client-request-id":"a7d68a5b-22ce-4fb5-999e-7b99c9b51323","x-ms-request-id":"4a8695fb-b31a-4be1-96c3-9763d15b4e2e","x-ms-version":"2025-11-05","date":"Thu, 27 Nov 2025 22:16:00 GMT","preference-applied":"return-content"}
2025-11-27T22:16:00.027Z 339a384a-f38b-4dc1-ba3d-e9f877d5712a info: TableStorageContextMiddleware: RequestMethod=POST RequestURL=http://127.0.0.1/devstoreaccount1/Tables RequestHeaders:{"content-type":"application/json;odata=nometadata","accept":"application/json;odata=minimalmetadata","x-ms-version":"2019-02-02","dataserviceversion":"3.0","accept-encoding":"gzip,deflate","user-agent":"azsdk-js-data-tables/13.1.2 core-rest-pipeline/1.22.2 Node/22.18.0 (Darwin 24.6.0; arm64)","x-ms-client-request-id":"7c26d8e3-815c-4bb7-88dc-55e50f7c6bb1","x-ms-date":"Thu, 27 Nov 2025 22:16:00 GMT","content-length":"26","authorization":"SharedKeyLite devstoreaccount1:jc99933GH/aEbopN6iJ6K9qNpeewZWeIXyBPOsVJ1J8=","host":"127.0.0.1:10002","connection":"keep-alive"} ClientIP=127.0.0.1 Protocol=http HTTPVersion=1.1
2025-11-27T22:16:00.027Z 339a384a-f38b-4dc1-ba3d-e9f877d5712a debug: tableStorageContextMiddleware: Dispatch pattern string: /Tables
2025-11-27T22:16:00.027Z 339a384a-f38b-4dc1-ba3d-e9f877d5712a info: tableStorageContextMiddleware: Account=devstoreaccount1 tableName=undefined
2025-11-27T22:16:00.027Z 339a384a-f38b-4dc1-ba3d-e9f877d5712a verbose: DispatchMiddleware: Dispatching request...
2025-11-27T22:16:00.027Z 339a384a-f38b-4dc1-ba3d-e9f877d5712a info: DispatchMiddleware: Operation=Table_Create
2025-11-27T22:16:00.027Z 339a384a-f38b-4dc1-ba3d-e9f877d5712a verbose: AuthenticationMiddlewareFactory:createAuthenticationMiddleware() Validating authentications.
2025-11-27T22:16:00.027Z 339a384a-f38b-4dc1-ba3d-e9f877d5712a info: TableSharedKeyLiteAuthenticator:validate() Start validation against account shared key authentication.
2025-11-27T22:16:00.027Z 339a384a-f38b-4dc1-ba3d-e9f877d5712a info: TableSharedKeyLiteAuthenticator:validate() [STRING TO SIGN]:"Thu, 27 Nov 2025 22:16:00 GMT\n/devstoreaccount1/devstoreaccount1/Tables"
2025-11-27T22:16:00.027Z 339a384a-f38b-4dc1-ba3d-e9f877d5712a info: TableSharedKeyLiteAuthenticator:validate() Calculated authentication header based on key1: SharedKeyLite devstoreaccount1:jc99933GH/aEbopN6iJ6K9qNpeewZWeIXyBPOsVJ1J8=
2025-11-27T22:16:00.027Z 339a384a-f38b-4dc1-ba3d-e9f877d5712a info: TableSharedKeyLiteAuthenticator:validate() Signature 1 matched.
2025-11-27T22:16:00.027Z 339a384a-f38b-4dc1-ba3d-e9f877d5712a verbose: DeserializerMiddleware: Start deserializing...
2025-11-27T22:16:00.028Z 339a384a-f38b-4dc1-ba3d-e9f877d5712a debug: deserialize(): Raw request body string is (removed all empty characters) {"TableName":"Assignment"}
2025-11-27T22:16:00.028Z 339a384a-f38b-4dc1-ba3d-e9f877d5712a info: HandlerMiddleware: DeserializedParameters={"options":{"queryOptions":{},"requestId":"7c26d8e3-815c-4bb7-88dc-55e50f7c6bb1","dataServiceVersion":"3.0"},"version":"2019-02-02","tableProperties":{"tableName":"Assignment"},"body":"ReadableStream"}
2025-11-27T22:16:00.028Z 339a384a-f38b-4dc1-ba3d-e9f877d5712a verbose: SerializerMiddleware: Start serializing...
2025-11-27T22:16:00.028Z 339a384a-f38b-4dc1-ba3d-e9f877d5712a debug: Serializer: Raw response body string is {"odata.metadata":"http://127.0.0.1:10002/devstoreaccount1/$metadata#Tables/@Element","TableName":"Assignment"}
2025-11-27T22:16:00.028Z 339a384a-f38b-4dc1-ba3d-e9f877d5712a info: Serializer: Start returning stream body.
2025-11-27T22:16:00.028Z 339a384a-f38b-4dc1-ba3d-e9f877d5712a verbose: Send Table telemetry: T_Table_Create
2025-11-27T22:16:00.028Z 339a384a-f38b-4dc1-ba3d-e9f877d5712a info: EndMiddleware: End response. TotalTimeInMS=1 StatusCode=201 StatusMessage=Created Headers={"server":"Azurite-Table/3.35.0","content-type":"application/json;odata=minimalmetadata","x-ms-client-request-id":"7c26d8e3-815c-4bb7-88dc-55e50f7c6bb1","x-ms-request-id":"339a384a-f38b-4dc1-ba3d-e9f877d5712a","x-ms-version":"2025-11-05","date":"Thu, 27 Nov 2025 22:16:00 GMT","preference-applied":"return-content"}
2025-11-27T22:16:00.028Z e488c135-0ecb-4586-ae26-8b235480c6a9 info: TableStorageContextMiddleware: RequestMethod=POST RequestURL=http://127.0.0.1/devstoreaccount1/Project RequestHeaders:{"content-type":"application/json;odata=nometadata","accept":"application/json;odata=minimalmetadata","x-ms-version":"2019-02-02","dataserviceversion":"3.0","prefer":"return-no-content","accept-encoding":"gzip,deflate","user-agent":"azsdk-js-data-tables/13.1.2 core-rest-pipeline/1.22.2 Node/22.18.0 (Darwin 24.6.0; arm64)","x-ms-client-request-id":"fafa7a8f-9a6d-4dfc-b720-954553e671f0","x-ms-date":"Thu, 27 Nov 2025 22:16:00 GMT","content-length":"435","authorization":"SharedKeyLite devstoreaccount1:KTMd2LyU93h1LzCYag8Hy22Fc/CXHqlaQYmtcKqXpLY=","host":"127.0.0.1:10002","connection":"keep-alive"} ClientIP=127.0.0.1 Protocol=http HTTPVersion=1.1
2025-11-27T22:16:00.029Z e488c135-0ecb-4586-ae26-8b235480c6a9 debug: tableStorageContextMiddleware: Dispatch pattern string: /Project
2025-11-27T22:16:00.029Z e488c135-0ecb-4586-ae26-8b235480c6a9 info: tableStorageContextMiddleware: Account=devstoreaccount1 tableName=Project
2025-11-27T22:16:00.029Z e488c135-0ecb-4586-ae26-8b235480c6a9 verbose: DispatchMiddleware: Dispatching request...
2025-11-27T22:16:00.029Z e488c135-0ecb-4586-ae26-8b235480c6a9 info: DispatchMiddleware: Operation=Table_InsertEntity
2025-11-27T22:16:00.029Z e488c135-0ecb-4586-ae26-8b235480c6a9 verbose: AuthenticationMiddlewareFactory:createAuthenticationMiddleware() Validating authentications.
2025-11-27T22:16:00.029Z e488c135-0ecb-4586-ae26-8b235480c6a9 info: TableSharedKeyLiteAuthenticator:validate() Start validation against account shared key authentication.
2025-11-27T22:16:00.029Z e488c135-0ecb-4586-ae26-8b235480c6a9 info: TableSharedKeyLiteAuthenticator:validate() [STRING TO SIGN]:"Thu, 27 Nov 2025 22:16:00 GMT\n/devstoreaccount1/devstoreaccount1/Project"
2025-11-27T22:16:00.029Z e488c135-0ecb-4586-ae26-8b235480c6a9 info: TableSharedKeyLiteAuthenticator:validate() Calculated authentication header based on key1: SharedKeyLite devstoreaccount1:KTMd2LyU93h1LzCYag8Hy22Fc/CXHqlaQYmtcKqXpLY=
2025-11-27T22:16:00.029Z e488c135-0ecb-4586-ae26-8b235480c6a9 info: TableSharedKeyLiteAuthenticator:validate() Signature 1 matched.
2025-11-27T22:16:00.029Z e488c135-0ecb-4586-ae26-8b235480c6a9 verbose: DeserializerMiddleware: Start deserializing...
2025-11-27T22:16:00.029Z e488c135-0ecb-4586-ae26-8b235480c6a9 debug: deserialize(): Raw request body string is (removed all empty characters) {"PartitionKey":"Project","RowKey":"1","id":"1","name":"CRMCloudMigration","description":"MigrateAdatum'sCRMsystemtoDynamics365","clientName":"AdatumCorporation","clientContact":"NatashaJones","clientEmail":"natjones@adatum.com","location":"{\"street\":\"700BellevueWayNE-22ndFloor\",\"city\":\"Bellevue\",\"state\":\"WA\",\"country\":\"USA\",\"postalCode\":\"98004\",\"latitude\":47.617068,\"longitude\":-122.200898}"}
2025-11-27T22:16:00.029Z e488c135-0ecb-4586-ae26-8b235480c6a9 info: HandlerMiddleware: DeserializedParameters={"options":{"queryOptions":{},"requestId":"fafa7a8f-9a6d-4dfc-b720-954553e671f0","dataServiceVersion":"3.0","responsePreference":"return-no-content","tableEntityProperties":{"PartitionKey":"Project","RowKey":"1","id":"1","name":"CRM Cloud Migration","description":"Migrate Adatum's CRM system to Dynamics 365","clientName":"Adatum Corporation","clientContact":"Natasha Jones","clientEmail":"natjones@adatum.com","location":"{\"street\":\"700 Bellevue Way NE - 22nd Floor\",\"city\":\"Bellevue\",\"state\":\"WA\",\"country\":\"USA\",\"postalCode\":\"98004\",\"latitude\":47.617068,\"longitude\":-122.200898}"}},"version":"2019-02-02","body":"ReadableStream"}
2025-11-27T22:16:00.029Z e488c135-0ecb-4586-ae26-8b235480c6a9 verbose: SerializerMiddleware: Start serializing...
2025-11-27T22:16:00.030Z e488c135-0ecb-4586-ae26-8b235480c6a9 verbose: Send Table telemetry: T_Table_InsertEntity
2025-11-27T22:16:00.030Z e488c135-0ecb-4586-ae26-8b235480c6a9 info: EndMiddleware: End response. TotalTimeInMS=2 StatusCode=204 StatusMessage=undefined Headers={"server":"Azurite-Table/3.35.0","content-type":"application/json;odata=minimalmetadata","x-ms-client-request-id":"fafa7a8f-9a6d-4dfc-b720-954553e671f0","x-ms-request-id":"e488c135-0ecb-4586-ae26-8b235480c6a9","x-ms-version":"2025-11-05","date":"Thu, 27 Nov 2025 22:16:00 GMT","etag":"W/\"datetime'2025-11-27T22%3A16%3A00.0281264Z'\"","preference-applied":"return-no-content"}
2025-11-27T22:16:00.030Z e2d0b336-19bb-4eba-92bb-3d9abb4f4292 info: TableStorageContextMiddleware: RequestMethod=POST RequestURL=http://127.0.0.1/devstoreaccount1/Consultant RequestHeaders:{"content-type":"application/json;odata=nometadata","accept":"application/json;odata=minimalmetadata","x-ms-version":"2019-02-02","dataserviceversion":"3.0","prefer":"return-no-content","accept-encoding":"gzip,deflate","user-agent":"azsdk-js-data-tables/13.1.2 core-rest-pipeline/1.22.2 Node/22.18.0 (Darwin 24.6.0; arm64)","x-ms-client-request-id":"5cda062c-78d9-4058-bcae-e0257d085ff9","x-ms-date":"Thu, 27 Nov 2025 22:16:00 GMT","content-length":"626","authorization":"SharedKeyLite devstoreaccount1:9A2k6S5t47FJnYNG4Ryqwuzz5KnvY2+hPAs+6khZIkI=","host":"127.0.0.1:10002","connection":"keep-alive"} ClientIP=127.0.0.1 Protocol=http HTTPVersion=1.1
2025-11-27T22:16:00.030Z e2d0b336-19bb-4eba-92bb-3d9abb4f4292 debug: tableStorageContextMiddleware: Dispatch pattern string: /Consultant
2025-11-27T22:16:00.030Z e2d0b336-19bb-4eba-92bb-3d9abb4f4292 info: tableStorageContextMiddleware: Account=devstoreaccount1 tableName=Consultant
2025-11-27T22:16:00.030Z e2d0b336-19bb-4eba-92bb-3d9abb4f4292 verbose: DispatchMiddleware: Dispatching request...
2025-11-27T22:16:00.030Z e2d0b336-19bb-4eba-92bb-3d9abb4f4292 info: DispatchMiddleware: Operation=Table_InsertEntity
2025-11-27T22:16:00.030Z e2d0b336-19bb-4eba-92bb-3d9abb4f4292 verbose: AuthenticationMiddlewareFactory:createAuthenticationMiddleware() Validating authentications.
2025-11-27T22:16:00.030Z e2d0b336-19bb-4eba-92bb-3d9abb4f4292 info: TableSharedKeyLiteAuthenticator:validate() Start validation against account shared key authentication.
2025-11-27T22:16:00.030Z e2d0b336-19bb-4eba-92bb-3d9abb4f4292 info: TableSharedKeyLiteAuthenticator:validate() [STRING TO SIGN]:"Thu, 27 Nov 2025 22:16:00 GMT\n/devstoreaccount1/devstoreaccount1/Consultant"
2025-11-27T22:16:00.030Z e2d0b336-19bb-4eba-92bb-3d9abb4f4292 info: TableSharedKeyLiteAuthenticator:validate() Calculated authentication header based on key1: SharedKeyLite devstoreaccount1:9A2k6S5t47FJnYNG4Ryqwuzz5KnvY2+hPAs+6khZIkI=
2025-11-27T22:16:00.030Z e2d0b336-19bb-4eba-92bb-3d9abb4f4292 info: TableSharedKeyLiteAuthenticator:validate() Signature 1 matched.
2025-11-27T22:16:00.030Z e2d0b336-19bb-4eba-92bb-3d9abb4f4292 verbose: DeserializerMiddleware: Start deserializing...
2025-11-27T22:16:00.031Z e2d0b336-19bb-4eba-92bb-3d9abb4f4292 debug: deserialize(): Raw request body string is (removed all empty characters) {"PartitionKey":"Consultant","RowKey":"1","id":"1","name":"AveryHoward","email":"avery@treyresearch.com","phone":"1-555-456-7890","consultantPhotoUrl":"https://bobgerman.github.io/fictitiousAiGenerated/Avery.jpg","location":"{\"street\":\"5WaysideRd.\",\"city\":\"Burlington\",\"state\":\"MA\",\"country\":\"USA\",\"postalCode\":\"01803\",\"latitude\":42.5048,\"longitude\":-71.1956}","skills":"[\"C#\",\"JavaScript\",\"TypeScript\",\"React\",\"Node.js\"]","certifications":"[\"MCSADA\",\"AzureDeveloperAssociate\",\"MCAAF\",\"AzureAIFundamentals\"]","roles":"[\"Projectlead\",\"Developer\",\"Architect\",\"DevOps\"]"}
2025-11-27T22:16:00.031Z e2d0b336-19bb-4eba-92bb-3d9abb4f4292 info: HandlerMiddleware: DeserializedParameters={"options":{"queryOptions":{},"requestId":"5cda062c-78d9-4058-bcae-e0257d085ff9","dataServiceVersion":"3.0","responsePreference":"return-no-content","tableEntityProperties":{"PartitionKey":"Consultant","RowKey":"1","id":"1","name":"Avery Howard","email":"avery@treyresearch.com","phone":"1-555-456-7890","consultantPhotoUrl":"https://bobgerman.github.io/fictitiousAiGenerated/Avery.jpg","location":"{\"street\":\"5 Wayside Rd.\",\"city\":\"Burlington\",\"state\":\"MA\",\"country\":\"USA\",\"postalCode\":\"01803\",\"latitude\":42.5048,\"longitude\":-71.1956}","skills":"[\"C#\",\"JavaScript\",\"TypeScript\",\"React\",\"Node.js\"]","certifications":"[\"MCSADA\",\"Azure Developer Associate\",\"MCAAF\",\"Azure AI Fundamentals\"]","roles":"[\"Project lead\",\"Developer\",\"Architect\",\"DevOps\"]"}},"version":"2019-02-02","body":"ReadableStream"}
2025-11-27T22:16:00.031Z e2d0b336-19bb-4eba-92bb-3d9abb4f4292 verbose: SerializerMiddleware: Start serializing...
2025-11-27T22:16:00.031Z e2d0b336-19bb-4eba-92bb-3d9abb4f4292 verbose: Send Table telemetry: T_Table_InsertEntity
2025-11-27T22:16:00.031Z e2d0b336-19bb-4eba-92bb-3d9abb4f4292 info: EndMiddleware: End response. TotalTimeInMS=1 StatusCode=204 StatusMessage=undefined Headers={"server":"Azurite-Table/3.35.0","content-type":"application/json;odata=minimalmetadata","x-ms-client-request-id":"5cda062c-78d9-4058-bcae-e0257d085ff9","x-ms-request-id":"e2d0b336-19bb-4eba-92bb-3d9abb4f4292","x-ms-version":"2025-11-05","date":"Thu, 27 Nov 2025 22:16:00 GMT","etag":"W/\"datetime'2025-11-27T22%3A16%3A00.0301278Z'\"","preference-applied":"return-no-content"}
2025-11-27T22:16:00.032Z 4c0e9438-521a-4dfa-a21d-1984f4601855 info: TableStorageContextMiddleware: RequestMethod=POST RequestURL=http://127.0.0.1/devstoreaccount1/Assignment RequestHeaders:{"content-type":"application/json;odata=nometadata","accept":"application/json;odata=minimalmetadata","x-ms-version":"2019-02-02","dataserviceversion":"3.0","prefer":"return-no-content","accept-encoding":"gzip,deflate","user-agent":"azsdk-js-data-tables/13.1.2 core-rest-pipeline/1.22.2 Node/22.18.0 (Darwin 24.6.0; arm64)","x-ms-client-request-id":"6b69702b-2f2c-4179-9674-646075551f24","x-ms-date":"Thu, 27 Nov 2025 22:16:00 GMT","content-length":"504","authorization":"SharedKeyLite devstoreaccount1:ELUtrmYvIafKDDgaJf9sQBbrLI80s2BrC4AS/m/5AdU=","host":"127.0.0.1:10002","connection":"keep-alive"} ClientIP=127.0.0.1 Protocol=http HTTPVersion=1.1
2025-11-27T22:16:00.032Z 4c0e9438-521a-4dfa-a21d-1984f4601855 debug: tableStorageContextMiddleware: Dispatch pattern string: /Assignment
2025-11-27T22:16:00.032Z 4c0e9438-521a-4dfa-a21d-1984f4601855 info: tableStorageContextMiddleware: Account=devstoreaccount1 tableName=Assignment
2025-11-27T22:16:00.032Z 4c0e9438-521a-4dfa-a21d-1984f4601855 verbose: DispatchMiddleware: Dispatching request...
2025-11-27T22:16:00.032Z 4c0e9438-521a-4dfa-a21d-1984f4601855 info: DispatchMiddleware: Operation=Table_InsertEntity
2025-11-27T22:16:00.032Z 4c0e9438-521a-4dfa-a21d-1984f4601855 verbose: AuthenticationMiddlewareFactory:createAuthenticationMiddleware() Validating authentications.
2025-11-27T22:16:00.032Z 4c0e9438-521a-4dfa-a21d-1984f4601855 info: TableSharedKeyLiteAuthenticator:validate() Start validation against account shared key authentication.
2025-11-27T22:16:00.032Z 4c0e9438-521a-4dfa-a21d-1984f4601855 info: TableSharedKeyLiteAuthenticator:validate() [STRING TO SIGN]:"Thu, 27 Nov 2025 22:16:00 GMT\n/devstoreaccount1/devstoreaccount1/Assignment"
2025-11-27T22:16:00.032Z 4c0e9438-521a-4dfa-a21d-1984f4601855 info: TableSharedKeyLiteAuthenticator:validate() Calculated authentication header based on key1: SharedKeyLite devstoreaccount1:ELUtrmYvIafKDDgaJf9sQBbrLI80s2BrC4AS/m/5AdU=
2025-11-27T22:16:00.032Z 4c0e9438-521a-4dfa-a21d-1984f4601855 info: TableSharedKeyLiteAuthenticator:validate() Signature 1 matched.
2025-11-27T22:16:00.032Z 4c0e9438-521a-4dfa-a21d-1984f4601855 verbose: DeserializerMiddleware: Start deserializing...
2025-11-27T22:16:00.032Z 4c0e9438-521a-4dfa-a21d-1984f4601855 debug: deserialize(): Raw request body string is (removed all empty characters) {"PartitionKey":"Assignment","RowKey":"10,1","id":"10,1","projectId":"10","consultantId":"1","role":"Architect","billable":true,"rate":100,"forecast":"[{\"month\":3,\"year\":2024,\"hours\":23},{\"month\":4,\"year\":2024,\"hours\":80},{\"month\":5,\"year\":2024,\"hours\":100},{\"month\":6,\"year\":2024,\"hours\":1},{\"month\":7,\"year\":2024,\"hours\":120},{\"month\":8,\"year\":2024,\"hours\":120},{\"month\":9,\"year\":2024,\"hours\":120},{\"month\":10,\"year\":2024,\"hours\":120}]","delivered":"[]"}
2025-11-27T22:16:00.032Z 4c0e9438-521a-4dfa-a21d-1984f4601855 info: HandlerMiddleware: DeserializedParameters={"options":{"queryOptions":{},"requestId":"6b69702b-2f2c-4179-9674-646075551f24","dataServiceVersion":"3.0","responsePreference":"return-no-content","tableEntityProperties":{"PartitionKey":"Assignment","RowKey":"10,1","id":"10,1","projectId":"10","consultantId":"1","role":"Architect","billable":true,"rate":100,"forecast":"[{\"month\":3,\"year\":2024,\"hours\":23},{\"month\":4,\"year\":2024,\"hours\":80},{\"month\":5,\"year\":2024,\"hours\":100},{\"month\":6,\"year\":2024,\"hours\":1},{\"month\":7,\"year\":2024,\"hours\":120},{\"month\":8,\"year\":2024,\"hours\":120},{\"month\":9,\"year\":2024,\"hours\":120},{\"month\":10,\"year\":2024,\"hours\":120}]","delivered":"[]"}},"version":"2019-02-02","body":"ReadableStream"}
2025-11-27T22:16:00.032Z 4c0e9438-521a-4dfa-a21d-1984f4601855 verbose: SerializerMiddleware: Start serializing...
2025-11-27T22:16:00.032Z 4c0e9438-521a-4dfa-a21d-1984f4601855 verbose: Send Table telemetry: T_Table_InsertEntity
2025-11-27T22:16:00.032Z 4c0e9438-521a-4dfa-a21d-1984f4601855 info: EndMiddleware: End response. TotalTimeInMS=0 StatusCode=204 StatusMessage=undefined Headers={"server":"Azurite-Table/3.35.0","content-type":"application/json;odata=minimalmetadata","x-ms-client-request-id":"6b69702b-2f2c-4179-9674-646075551f24","x-ms-request-id":"4c0e9438-521a-4dfa-a21d-1984f4601855","x-ms-version":"2025-11-05","date":"Thu, 27 Nov 2025 22:16:00 GMT","etag":"W/\"datetime'2025-11-27T22%3A16%3A00.0321291Z'\"","preference-applied":"return-no-content"}
2025-11-27T22:16:00.032Z a3eeaa20-27af-4e6c-a309-788e68a2aba3 info: TableStorageContextMiddleware: RequestMethod=POST RequestURL=http://127.0.0.1/devstoreaccount1/Project RequestHeaders:{"content-type":"application/json;odata=nometadata","accept":"application/json;odata=minimalmetadata","x-ms-version":"2019-02-02","dataserviceversion":"3.0","prefer":"return-no-content","accept-encoding":"gzip,deflate","user-agent":"azsdk-js-data-tables/13.1.2 core-rest-pipeline/1.22.2 Node/22.18.0 (Darwin 24.6.0; arm64)","x-ms-client-request-id":"92acd362-c889-4feb-8917-4ca9be20c32f","x-ms-date":"Thu, 27 Nov 2025 22:16:00 GMT","content-length":"453","authorization":"SharedKeyLite devstoreaccount1:KTMd2LyU93h1LzCYag8Hy22Fc/CXHqlaQYmtcKqXpLY=","host":"127.0.0.1:10002","connection":"keep-alive"} ClientIP=127.0.0.1 Protocol=http HTTPVersion=1.1
2025-11-27T22:16:00.032Z a3eeaa20-27af-4e6c-a309-788e68a2aba3 debug: tableStorageContextMiddleware: Dispatch pattern string: /Project
2025-11-27T22:16:00.032Z a3eeaa20-27af-4e6c-a309-788e68a2aba3 info: tableStorageContextMiddleware: Account=devstoreaccount1 tableName=Project
2025-11-27T22:16:00.032Z a3eeaa20-27af-4e6c-a309-788e68a2aba3 verbose: DispatchMiddleware: Dispatching request...
2025-11-27T22:16:00.032Z a3eeaa20-27af-4e6c-a309-788e68a2aba3 info: DispatchMiddleware: Operation=Table_InsertEntity
2025-11-27T22:16:00.032Z a3eeaa20-27af-4e6c-a309-788e68a2aba3 verbose: AuthenticationMiddlewareFactory:createAuthenticationMiddleware() Validating authentications.
2025-11-27T22:16:00.032Z a3eeaa20-27af-4e6c-a309-788e68a2aba3 info: TableSharedKeyLiteAuthenticator:validate() Start validation against account shared key authentication.
2025-11-27T22:16:00.032Z a3eeaa20-27af-4e6c-a309-788e68a2aba3 info: TableSharedKeyLiteAuthenticator:validate() [STRING TO SIGN]:"Thu, 27 Nov 2025 22:16:00 GMT\n/devstoreaccount1/devstoreaccount1/Project"
2025-11-27T22:16:00.033Z a3eeaa20-27af-4e6c-a309-788e68a2aba3 info: TableSharedKeyLiteAuthenticator:validate() Calculated authentication header based on key1: SharedKeyLite devstoreaccount1:KTMd2LyU93h1LzCYag8Hy22Fc/CXHqlaQYmtcKqXpLY=
2025-11-27T22:16:00.033Z a3eeaa20-27af-4e6c-a309-788e68a2aba3 info: TableSharedKeyLiteAuthenticator:validate() Signature 1 matched.
2025-11-27T22:16:00.033Z a3eeaa20-27af-4e6c-a309-788e68a2aba3 verbose: DeserializerMiddleware: Start deserializing...
2025-11-27T22:16:00.033Z a3eeaa20-27af-4e6c-a309-788e68a2aba3 debug: deserialize(): Raw request body string is (removed all empty characters) {"PartitionKey":"Project","RowKey":"2","id":"2","name":"SupplyChainOptimization","description":"DevelopsupplychainautomationsolutioninAzure","clientName":"AlpineSkiHouse","clientContact":"FelixHenderson","clientEmail":"fhenderson@alpineskihouse.com","location":"{\"street\":\"3601West76thStreet,Suite600\",\"city\":\"Edina\",\"state\":\"MN\",\"country\":\"USA\",\"postalCode\":\"55435\",\"latitude\":44.877582,\"longitude\":-93.328504}"}
2025-11-27T22:16:00.033Z a3eeaa20-27af-4e6c-a309-788e68a2aba3 info: HandlerMiddleware: DeserializedParameters={"options":{"queryOptions":{},"requestId":"92acd362-c889-4feb-8917-4ca9be20c32f","dataServiceVersion":"3.0","responsePreference":"return-no-content","tableEntityProperties":{"PartitionKey":"Project","RowKey":"2","id":"2","name":"Supply Chain Optimization","description":"Develop supply chain automation solution in Azure","clientName":"Alpine Ski House","clientContact":"Felix Henderson","clientEmail":"fhenderson@alpineskihouse.com","location":"{\"street\":\"3601 West 76th Street, Suite 600\",\"city\":\"Edina\",\"state\":\"MN\",\"country\":\"USA\",\"postalCode\":\"55435\",\"latitude\":44.877582,\"longitude\":-93.328504}"}},"version":"2019-02-02","body":"ReadableStream"}
2025-11-27T22:16:00.033Z a3eeaa20-27af-4e6c-a309-788e68a2aba3 verbose: SerializerMiddleware: Start serializing...
2025-11-27T22:16:00.033Z a3eeaa20-27af-4e6c-a309-788e68a2aba3 verbose: Send Table telemetry: T_Table_InsertEntity
2025-11-27T22:16:00.033Z a3eeaa20-27af-4e6c-a309-788e68a2aba3 info: EndMiddleware: End response. TotalTimeInMS=1 StatusCode=204 StatusMessage=undefined Headers={"server":"Azurite-Table/3.35.0","content-type":"application/json;odata=minimalmetadata","x-ms-client-request-id":"92acd362-c889-4feb-8917-4ca9be20c32f","x-ms-request-id":"a3eeaa20-27af-4e6c-a309-788e68a2aba3","x-ms-version":"2025-11-05","date":"Thu, 27 Nov 2025 22:16:00 GMT","etag":"W/\"datetime'2025-11-27T22%3A16%3A00.0321298Z'\"","preference-applied":"return-no-content"}
2025-11-27T22:16:00.033Z bbbc4184-75f0-4668-b480-bdb114f45ba4 info: TableStorageContextMiddleware: RequestMethod=POST RequestURL=http://127.0.0.1/devstoreaccount1/Consultant RequestHeaders:{"content-type":"application/json;odata=nometadata","accept":"application/json;odata=minimalmetadata","x-ms-version":"2019-02-02","dataserviceversion":"3.0","prefer":"return-no-content","accept-encoding":"gzip,deflate","user-agent":"azsdk-js-data-tables/13.1.2 core-rest-pipeline/1.22.2 Node/22.18.0 (Darwin 24.6.0; arm64)","x-ms-client-request-id":"4613a61e-c505-4f39-af11-1213cfcec91a","x-ms-date":"Thu, 27 Nov 2025 22:16:00 GMT","content-length":"584","authorization":"SharedKeyLite devstoreaccount1:9A2k6S5t47FJnYNG4Ryqwuzz5KnvY2+hPAs+6khZIkI=","host":"127.0.0.1:10002","connection":"keep-alive"} ClientIP=127.0.0.1 Protocol=http HTTPVersion=1.1
2025-11-27T22:16:00.033Z bbbc4184-75f0-4668-b480-bdb114f45ba4 debug: tableStorageContextMiddleware: Dispatch pattern string: /Consultant
2025-11-27T22:16:00.033Z bbbc4184-75f0-4668-b480-bdb114f45ba4 info: tableStorageContextMiddleware: Account=devstoreaccount1 tableName=Consultant
2025-11-27T22:16:00.033Z bbbc4184-75f0-4668-b480-bdb114f45ba4 verbose: DispatchMiddleware: Dispatching request...
2025-11-27T22:16:00.033Z bbbc4184-75f0-4668-b480-bdb114f45ba4 info: DispatchMiddleware: Operation=Table_InsertEntity
2025-11-27T22:16:00.033Z bbbc4184-75f0-4668-b480-bdb114f45ba4 verbose: AuthenticationMiddlewareFactory:createAuthenticationMiddleware() Validating authentications.
2025-11-27T22:16:00.033Z bbbc4184-75f0-4668-b480-bdb114f45ba4 info: TableSharedKeyLiteAuthenticator:validate() Start validation against account shared key authentication.
2025-11-27T22:16:00.033Z bbbc4184-75f0-4668-b480-bdb114f45ba4 info: TableSharedKeyLiteAuthenticator:validate() [STRING TO SIGN]:"Thu, 27 Nov 2025 22:16:00 GMT\n/devstoreaccount1/devstoreaccount1/Consultant"
2025-11-27T22:16:00.033Z bbbc4184-75f0-4668-b480-bdb114f45ba4 info: TableSharedKeyLiteAuthenticator:validate() Calculated authentication header based on key1: SharedKeyLite devstoreaccount1:9A2k6S5t47FJnYNG4Ryqwuzz5KnvY2+hPAs+6khZIkI=
2025-11-27T22:16:00.033Z bbbc4184-75f0-4668-b480-bdb114f45ba4 info: TableSharedKeyLiteAuthenticator:validate() Signature 1 matched.
2025-11-27T22:16:00.033Z bbbc4184-75f0-4668-b480-bdb114f45ba4 verbose: DeserializerMiddleware: Start deserializing...
2025-11-27T22:16:00.033Z bbbc4184-75f0-4668-b480-bdb114f45ba4 debug: deserialize(): Raw request body string is (removed all empty characters) {"PartitionKey":"Consultant","RowKey":"2","id":"2","name":"DominiqueDutertre","email":"dominique@treyresearch.com","phone":"1-555-567-7890","consultantPhotoUrl":"https://bobgerman.github.io/fictitiousAiGenerated/Dominique.jpg","location":"{\"street\":\"39QuaiduPrésidentRoosevelt,Issy-les-Moulineaux\",\"city\":\"Paris\",\"state\":\"Île-de-France\",\"country\":\"France\",\"postalCode\":\"IdF92130\",\"latitude\":48.8264,\"longitude\":2.2675}","skills":"[\"Figma\",\"AdobeCreativeSwuite\",\"Visualdesign\"]","certifications":"[]","roles":"[\"Designer\",\"Projectlead\"]"}
2025-11-27T22:16:00.033Z bbbc4184-75f0-4668-b480-bdb114f45ba4 info: HandlerMiddleware: DeserializedParameters={"options":{"queryOptions":{},"requestId":"4613a61e-c505-4f39-af11-1213cfcec91a","dataServiceVersion":"3.0","responsePreference":"return-no-content","tableEntityProperties":{"PartitionKey":"Consultant","RowKey":"2","id":"2","name":"Dominique Dutertre","email":"dominique@treyresearch.com","phone":"1-555-567-7890","consultantPhotoUrl":"https://bobgerman.github.io/fictitiousAiGenerated/Dominique.jpg","location":"{\"street\":\"39 Quai du Président Roosevelt, Issy-les-Moulineaux\",\"city\":\"Paris\",\"state\":\"Île-de-France\",\"country\":\"France\",\"postalCode\":\"IdF 92130\",\"latitude\":48.8264,\"longitude\":2.2675}","skills":"[\"Figma\",\"Adobe Creative Swuite\",\"Visual design\"]","certifications":"[]","roles":"[\"Designer\",\"Project lead\"]"}},"version":"2019-02-02","body":"ReadableStream"}
2025-11-27T22:16:00.033Z bbbc4184-75f0-4668-b480-bdb114f45ba4 verbose: SerializerMiddleware: Start serializing...
2025-11-27T22:16:00.033Z bbbc4184-75f0-4668-b480-bdb114f45ba4 verbose: Send Table telemetry: T_Table_InsertEntity
2025-11-27T22:16:00.033Z bbbc4184-75f0-4668-b480-bdb114f45ba4 info: EndMiddleware: End response. TotalTimeInMS=0 StatusCode=204 StatusMessage=undefined Headers={"server":"Azurite-Table/3.35.0","content-type":"application/json;odata=minimalmetadata","x-ms-client-request-id":"4613a61e-c505-4f39-af11-1213cfcec91a","x-ms-request-id":"bbbc4184-75f0-4668-b480-bdb114f45ba4","x-ms-version":"2025-11-05","date":"Thu, 27 Nov 2025 22:16:00 GMT","etag":"W/\"datetime'2025-11-27T22%3A16%3A00.0331304Z'\"","preference-applied":"return-no-content"}
2025-11-27T22:16:00.034Z 5f94c197-9dd5-4edc-9dc3-02f40abd1546 info: TableStorageContextMiddleware: RequestMethod=POST RequestURL=http://127.0.0.1/devstoreaccount1/Assignment RequestHeaders:{"content-type":"application/json;odata=nometadata","accept":"application/json;odata=minimalmetadata","x-ms-version":"2019-02-02","dataserviceversion":"3.0","prefer":"return-no-content","accept-encoding":"gzip,deflate","user-agent":"azsdk-js-data-tables/13.1.2 core-rest-pipeline/1.22.2 Node/22.18.0 (Darwin 24.6.0; arm64)","x-ms-client-request-id":"3eab524e-ad74-4a29-944d-a00a3ddcbde1","x-ms-date":"Thu, 27 Nov 2025 22:16:00 GMT","content-length":"500","authorization":"SharedKeyLite devstoreaccount1:ELUtrmYvIafKDDgaJf9sQBbrLI80s2BrC4AS/m/5AdU=","host":"127.0.0.1:10002","connection":"keep-alive"} ClientIP=127.0.0.1 Protocol=http HTTPVersion=1.1
2025-11-27T22:16:00.034Z 5f94c197-9dd5-4edc-9dc3-02f40abd1546 debug: tableStorageContextMiddleware: Dispatch pattern string: /Assignment
2025-11-27T22:16:00.034Z 5f94c197-9dd5-4edc-9dc3-02f40abd1546 info: tableStorageContextMiddleware: Account=devstoreaccount1 tableName=Assignment
2025-11-27T22:16:00.034Z 5f94c197-9dd5-4edc-9dc3-02f40abd1546 verbose: DispatchMiddleware: Dispatching request...
2025-11-27T22:16:00.034Z 5f94c197-9dd5-4edc-9dc3-02f40abd1546 info: DispatchMiddleware: Operation=Table_InsertEntity
2025-11-27T22:16:00.034Z 5f94c197-9dd5-4edc-9dc3-02f40abd1546 verbose: AuthenticationMiddlewareFactory:createAuthenticationMiddleware() Validating authentications.
2025-11-27T22:16:00.034Z 5f94c197-9dd5-4edc-9dc3-02f40abd1546 info: TableSharedKeyLiteAuthenticator:validate() Start validation against account shared key authentication.
2025-11-27T22:16:00.034Z 5f94c197-9dd5-4edc-9dc3-02f40abd1546 info: TableSharedKeyLiteAuthenticator:validate() [STRING TO SIGN]:"Thu, 27 Nov 2025 22:16:00 GMT\n/devstoreaccount1/devstoreaccount1/Assignment"
2025-11-27T22:16:00.034Z 5f94c197-9dd5-4edc-9dc3-02f40abd1546 info: TableSharedKeyLiteAuthenticator:validate() Calculated authentication header based on key1: SharedKeyLite devstoreaccount1:ELUtrmYvIafKDDgaJf9sQBbrLI80s2BrC4AS/m/5AdU=
2025-11-27T22:16:00.034Z 5f94c197-9dd5-4edc-9dc3-02f40abd1546 info: TableSharedKeyLiteAuthenticator:validate() Signature 1 matched.
2025-11-27T22:16:00.034Z 5f94c197-9dd5-4edc-9dc3-02f40abd1546 verbose: DeserializerMiddleware: Start deserializing...
2025-11-27T22:16:00.034Z 5f94c197-9dd5-4edc-9dc3-02f40abd1546 debug: deserialize(): Raw request body string is (removed all empty characters) {"PartitionKey":"Assignment","RowKey":"10,2","id":"10,2","projectId":"10","consultantId":"2","role":"Designer","billable":true,"rate":100,"forecast":"[{\"month\":3,\"year\":2024,\"hours\":100},{\"month\":4,\"year\":2024,\"hours\":20},{\"month\":5,\"year\":2024,\"hours\":20},{\"month\":6,\"year\":2024,\"hours\":20},{\"month\":7,\"year\":2024,\"hours\":20},{\"month\":8,\"year\":2024,\"hours\":10},{\"month\":9,\"year\":2024,\"hours\":10},{\"month\":10,\"year\":2024,\"hours\":10}]","delivered":"[]"}
2025-11-27T22:16:00.034Z 5f94c197-9dd5-4edc-9dc3-02f40abd1546 info: HandlerMiddleware: DeserializedParameters={"options":{"queryOptions":{},"requestId":"3eab524e-ad74-4a29-944d-a00a3ddcbde1","dataServiceVersion":"3.0","responsePreference":"return-no-content","tableEntityProperties":{"PartitionKey":"Assignment","RowKey":"10,2","id":"10,2","projectId":"10","consultantId":"2","role":"Designer","billable":true,"rate":100,"forecast":"[{\"month\":3,\"year\":2024,\"hours\":100},{\"month\":4,\"year\":2024,\"hours\":20},{\"month\":5,\"year\":2024,\"hours\":20},{\"month\":6,\"year\":2024,\"hours\":20},{\"month\":7,\"year\":2024,\"hours\":20},{\"month\":8,\"year\":2024,\"hours\":10},{\"month\":9,\"year\":2024,\"hours\":10},{\"month\":10,\"year\":2024,\"hours\":10}]","delivered":"[]"}},"version":"2019-02-02","body":"ReadableStream"}
2025-11-27T22:16:00.034Z 5f94c197-9dd5-4edc-9dc3-02f40abd1546 verbose: SerializerMiddleware: Start serializing...
2025-11-27T22:16:00.034Z 5f94c197-9dd5-4edc-9dc3-02f40abd1546 verbose: Send Table telemetry: T_Table_InsertEntity
2025-11-27T22:16:00.034Z 5f94c197-9dd5-4edc-9dc3-02f40abd1546 info: EndMiddleware: End response. TotalTimeInMS=0 StatusCode=204 StatusMessage=undefined Headers={"server":"Azurite-Table/3.35.0","content-type":"application/json;odata=minimalmetadata","x-ms-client-request-id":"3eab524e-ad74-4a29-944d-a00a3ddcbde1","x-ms-request-id":"5f94c197-9dd5-4edc-9dc3-02f40abd1546","x-ms-version":"2025-11-05","date":"Thu, 27 Nov 2025 22:16:00 GMT","etag":"W/\"datetime'2025-11-27T22%3A16%3A00.0341310Z'\"","preference-applied":"return-no-content"}
2025-11-27T22:16:00.034Z ea0dcda7-c9ae-4e29-91ca-5d52130a63e5 info: TableStorageContextMiddleware: RequestMethod=POST RequestURL=http://127.0.0.1/devstoreaccount1/Project RequestHeaders:{"content-type":"application/json;odata=nometadata","accept":"application/json;odata=minimalmetadata","x-ms-version":"2019-02-02","dataserviceversion":"3.0","prefer":"return-no-content","accept-encoding":"gzip,deflate","user-agent":"azsdk-js-data-tables/13.1.2 core-rest-pipeline/1.22.2 Node/22.18.0 (Darwin 24.6.0; arm64)","x-ms-client-request-id":"f7e6c7e6-4ed0-444a-96f4-32699b13fac9","x-ms-date":"Thu, 27 Nov 2025 22:16:00 GMT","content-length":"453","authorization":"SharedKeyLite devstoreaccount1:KTMd2LyU93h1LzCYag8Hy22Fc/CXHqlaQYmtcKqXpLY=","host":"127.0.0.1:10002","connection":"keep-alive"} ClientIP=127.0.0.1 Protocol=http HTTPVersion=1.1
2025-11-27T22:16:00.034Z ea0dcda7-c9ae-4e29-91ca-5d52130a63e5 debug: tableStorageContextMiddleware: Dispatch pattern string: /Project
2025-11-27T22:16:00.034Z ea0dcda7-c9ae-4e29-91ca-5d52130a63e5 info: tableStorageContextMiddleware: Account=devstoreaccount1 tableName=Project
2025-11-27T22:16:00.034Z ea0dcda7-c9ae-4e29-91ca-5d52130a63e5 verbose: DispatchMiddleware: Dispatching request...
2025-11-27T22:16:00.034Z ea0dcda7-c9ae-4e29-91ca-5d52130a63e5 info: DispatchMiddleware: Operation=Table_InsertEntity
2025-11-27T22:16:00.034Z ea0dcda7-c9ae-4e29-91ca-5d52130a63e5 verbose: AuthenticationMiddlewareFactory:createAuthenticationMiddleware() Validating authentications.
2025-11-27T22:16:00.034Z ea0dcda7-c9ae-4e29-91ca-5d52130a63e5 info: TableSharedKeyLiteAuthenticator:validate() Start validation against account shared key authentication.
2025-11-27T22:16:00.034Z ea0dcda7-c9ae-4e29-91ca-5d52130a63e5 info: TableSharedKeyLiteAuthenticator:validate() [STRING TO SIGN]:"Thu, 27 Nov 2025 22:16:00 GMT\n/devstoreaccount1/devstoreaccount1/Project"
2025-11-27T22:16:00.034Z ea0dcda7-c9ae-4e29-91ca-5d52130a63e5 info: TableSharedKeyLiteAuthenticator:validate() Calculated authentication header based on key1: SharedKeyLite devstoreaccount1:KTMd2LyU93h1LzCYag8Hy22Fc/CXHqlaQYmtcKqXpLY=
2025-11-27T22:16:00.034Z ea0dcda7-c9ae-4e29-91ca-5d52130a63e5 info: TableSharedKeyLiteAuthenticator:validate() Signature 1 matched.
2025-11-27T22:16:00.034Z ea0dcda7-c9ae-4e29-91ca-5d52130a63e5 verbose: DeserializerMiddleware: Start deserializing...
2025-11-27T22:16:00.034Z ea0dcda7-c9ae-4e29-91ca-5d52130a63e5 debug: deserialize(): Raw request body string is (removed all empty characters) {"PartitionKey":"Project","RowKey":"3","id":"3","name":"Networksecurityreview","description":"Reviewcampusnetworksecurityanddevelopaplantomitigatevulnerabilities","clientName":"BellowsCollege","clientContact":"JordanMitchell","clientEmail":"jordanm@bellowscollege","location":"{\"street\":\"1MemorialDr.\",\"city\":\"Cambridge\",\"state\":\"MA\",\"country\":\"USA\",\"postalCode\":\"02142\",\"latitude\":42.3626,\"longitude\":-71.0843}"}
2025-11-27T22:16:00.034Z ea0dcda7-c9ae-4e29-91ca-5d52130a63e5 info: HandlerMiddleware: DeserializedParameters={"options":{"queryOptions":{},"requestId":"f7e6c7e6-4ed0-444a-96f4-32699b13fac9","dataServiceVersion":"3.0","responsePreference":"return-no-content","tableEntityProperties":{"PartitionKey":"Project","RowKey":"3","id":"3","name":"Network security review","description":"Review campus network security and develop a plan to mitigate vulnerabilities","clientName":"Bellows College","clientContact":"Jordan Mitchell","clientEmail":"jordanm@bellowscollege","location":"{\"street\":\"1 Memorial Dr.\",\"city\":\"Cambridge\",\"state\":\"MA\",\"country\":\"USA\",\"postalCode\":\"02142\",\"latitude\":42.3626,\"longitude\":-71.0843}"}},"version":"2019-02-02","body":"ReadableStream"}
2025-11-27T22:16:00.034Z ea0dcda7-c9ae-4e29-91ca-5d52130a63e5 verbose: SerializerMiddleware: Start serializing...
2025-11-27T22:16:00.034Z ea0dcda7-c9ae-4e29-91ca-5d52130a63e5 verbose: Send Table telemetry: T_Table_InsertEntity
2025-11-27T22:16:00.034Z ea0dcda7-c9ae-4e29-91ca-5d52130a63e5 info: EndMiddleware: End response. TotalTimeInMS=0 StatusCode=204 StatusMessage=undefined Headers={"server":"Azurite-Table/3.35.0","content-type":"application/json;odata=minimalmetadata","x-ms-client-request-id":"f7e6c7e6-4ed0-444a-96f4-32699b13fac9","x-ms-request-id":"ea0dcda7-c9ae-4e29-91ca-5d52130a63e5","x-ms-version":"2025-11-05","date":"Thu, 27 Nov 2025 22:16:00 GMT","etag":"W/\"datetime'2025-11-27T22%3A16%3A00.0341315Z'\"","preference-applied":"return-no-content"}
2025-11-27T22:16:00.035Z 56544011-4842-4a11-bdd3-d025305bbe33 info: TableStorageContextMiddleware: RequestMethod=POST RequestURL=http://127.0.0.1/devstoreaccount1/Consultant RequestHeaders:{"content-type":"application/json;odata=nometadata","accept":"application/json;odata=minimalmetadata","x-ms-version":"2019-02-02","dataserviceversion":"3.0","prefer":"return-no-content","accept-encoding":"gzip,deflate","user-agent":"azsdk-js-data-tables/13.1.2 core-rest-pipeline/1.22.2 Node/22.18.0 (Darwin 24.6.0; arm64)","x-ms-client-request-id":"1dddf04a-fba4-4646-bb7e-4697068f9050","x-ms-date":"Thu, 27 Nov 2025 22:16:00 GMT","content-length":"651","authorization":"SharedKeyLite devstoreaccount1:9A2k6S5t47FJnYNG4Ryqwuzz5KnvY2+hPAs+6khZIkI=","host":"127.0.0.1:10002","connection":"keep-alive"} ClientIP=127.0.0.1 Protocol=http HTTPVersion=1.1
2025-11-27T22:16:00.035Z 56544011-4842-4a11-bdd3-d025305bbe33 debug: tableStorageContextMiddleware: Dispatch pattern string: /Consultant
2025-11-27T22:16:00.035Z 56544011-4842-4a11-bdd3-d025305bbe33 info: tableStorageContextMiddleware: Account=devstoreaccount1 tableName=Consultant
2025-11-27T22:16:00.035Z 56544011-4842-4a11-bdd3-d025305bbe33 verbose: DispatchMiddleware: Dispatching request...
2025-11-27T22:16:00.035Z 56544011-4842-4a11-bdd3-d025305bbe33 info: DispatchMiddleware: Operation=Table_InsertEntity
2025-11-27T22:16:00.035Z 56544011-4842-4a11-bdd3-d025305bbe33 verbose: AuthenticationMiddlewareFactory:createAuthenticationMiddleware() Validating authentications.
2025-11-27T22:16:00.035Z 56544011-4842-4a11-bdd3-d025305bbe33 info: TableSharedKeyLiteAuthenticator:validate() Start validation against account shared key authentication.
2025-11-27T22:16:00.035Z 56544011-4842-4a11-bdd3-d025305bbe33 info: TableSharedKeyLiteAuthenticator:validate() [STRING TO SIGN]:"Thu, 27 Nov 2025 22:16:00 GMT\n/devstoreaccount1/devstoreaccount1/Consultant"
2025-11-27T22:16:00.035Z 56544011-4842-4a11-bdd3-d025305bbe33 info: TableSharedKeyLiteAuthenticator:validate() Calculated authentication header based on key1: SharedKeyLite devstoreaccount1:9A2k6S5t47FJnYNG4Ryqwuzz5KnvY2+hPAs+6khZIkI=
2025-11-27T22:16:00.035Z 56544011-4842-4a11-bdd3-d025305bbe33 info: TableSharedKeyLiteAuthenticator:validate() Signature 1 matched.
2025-11-27T22:16:00.035Z 56544011-4842-4a11-bdd3-d025305bbe33 verbose: DeserializerMiddleware: Start deserializing...
2025-11-27T22:16:00.035Z 56544011-4842-4a11-bdd3-d025305bbe33 debug: deserialize(): Raw request body string is (removed all empty characters) {"PartitionKey":"Consultant","RowKey":"3","id":"3","name":"RobinZupanc","email":"robin@treyresearch.com","phone":"1-555-344-7890","consultantPhotoUrl":"https://bobgerman.github.io/fictitiousAiGenerated/Robin.jpg","location":"{\"street\":\"11TimesSquare\",\"city\":\"NewYork\",\"state\":\"NY\",\"country\":\"USA\",\"postalCode\":\"10036\",\"latitude\":40.758,\"longitude\":-73.9855}","skills":"[\"Python\",\"Java\"]","certifications":"[\"MCSADA\",\"AzureDeveloperAssociate\",\"MCAAF\",\"AzureAIFundamentals\",\"AWSCertifiedDeveloper\",\"GoogleProfessionalCloudDeveloper\"]","roles":"[\"Projectlead\",\"Developer\",\"Architect,DevOps\"]"}
2025-11-27T22:16:00.035Z 56544011-4842-4a11-bdd3-d025305bbe33 info: HandlerMiddleware: DeserializedParameters={"options":{"queryOptions":{},"requestId":"1dddf04a-fba4-4646-bb7e-4697068f9050","dataServiceVersion":"3.0","responsePreference":"return-no-content","tableEntityProperties":{"PartitionKey":"Consultant","RowKey":"3","id":"3","name":"Robin Zupanc","email":"robin@treyresearch.com","phone":"1-555-344-7890","consultantPhotoUrl":"https://bobgerman.github.io/fictitiousAiGenerated/Robin.jpg","location":"{\"street\":\"11 Times Square\",\"city\":\"New York\",\"state\":\"NY\",\"country\":\"USA\",\"postalCode\":\"10036\",\"latitude\":40.758,\"longitude\":-73.9855}","skills":"[\"Python\",\"Java\"]","certifications":"[\"MCSADA\",\"Azure Developer Associate\",\"MCAAF\",\"Azure AI Fundamentals\",\"AWS Certified Developer\",\"Google Professional Cloud Developer\"]","roles":"[\"Project lead\",\"Developer\",\"Architect, DevOps\"]"}},"version":"2019-02-02","body":"ReadableStream"}
2025-11-27T22:16:00.035Z 56544011-4842-4a11-bdd3-d025305bbe33 verbose: SerializerMiddleware: Start serializing...
2025-11-27T22:16:00.035Z 56544011-4842-4a11-bdd3-d025305bbe33 verbose: Send Table telemetry: T_Table_InsertEntity
2025-11-27T22:16:00.035Z 56544011-4842-4a11-bdd3-d025305bbe33 info: EndMiddleware: End response. TotalTimeInMS=0 StatusCode=204 StatusMessage=undefined Headers={"server":"Azurite-Table/3.35.0","content-type":"application/json;odata=minimalmetadata","x-ms-client-request-id":"1dddf04a-fba4-4646-bb7e-4697068f9050","x-ms-request-id":"56544011-4842-4a11-bdd3-d025305bbe33","x-ms-version":"2025-11-05","date":"Thu, 27 Nov 2025 22:16:00 GMT","etag":"W/\"datetime'2025-11-27T22%3A16%3A00.0351324Z'\"","preference-applied":"return-no-content"}
2025-11-27T22:16:00.036Z 79c45a20-74e1-440f-8cd3-091f20bc62d7 info: TableStorageContextMiddleware: RequestMethod=POST RequestURL=http://127.0.0.1/devstoreaccount1/Project RequestHeaders:{"content-type":"application/json;odata=nometadata","accept":"application/json;odata=minimalmetadata","x-ms-version":"2019-02-02","dataserviceversion":"3.0","prefer":"return-no-content","accept-encoding":"gzip,deflate","user-agent":"azsdk-js-data-tables/13.1.2 core-rest-pipeline/1.22.2 Node/22.18.0 (Darwin 24.6.0; arm64)","x-ms-client-request-id":"2bb11296-23d0-4fc5-b29c-6dd487754ccd","x-ms-date":"Thu, 27 Nov 2025 22:16:00 GMT","content-length":"522","authorization":"SharedKeyLite devstoreaccount1:KTMd2LyU93h1LzCYag8Hy22Fc/CXHqlaQYmtcKqXpLY=","host":"127.0.0.1:10002","connection":"keep-alive"} ClientIP=127.0.0.1 Protocol=http HTTPVersion=1.1
2025-11-27T22:16:00.036Z 79c45a20-74e1-440f-8cd3-091f20bc62d7 debug: tableStorageContextMiddleware: Dispatch pattern string: /Project
2025-11-27T22:16:00.036Z 79c45a20-74e1-440f-8cd3-091f20bc62d7 info: tableStorageContextMiddleware: Account=devstoreaccount1 tableName=Project
2025-11-27T22:16:00.036Z 79c45a20-74e1-440f-8cd3-091f20bc62d7 verbose: DispatchMiddleware: Dispatching request...
2025-11-27T22:16:00.036Z 79c45a20-74e1-440f-8cd3-091f20bc62d7 info: DispatchMiddleware: Operation=Table_InsertEntity
2025-11-27T22:16:00.036Z 79c45a20-74e1-440f-8cd3-091f20bc62d7 verbose: AuthenticationMiddlewareFactory:createAuthenticationMiddleware() Validating authentications.
2025-11-27T22:16:00.036Z 79c45a20-74e1-440f-8cd3-091f20bc62d7 info: TableSharedKeyLiteAuthenticator:validate() Start validation against account shared key authentication.
2025-11-27T22:16:00.036Z 79c45a20-74e1-440f-8cd3-091f20bc62d7 info: TableSharedKeyLiteAuthenticator:validate() [STRING TO SIGN]:"Thu, 27 Nov 2025 22:16:00 GMT\n/devstoreaccount1/devstoreaccount1/Project"
2025-11-27T22:16:00.036Z 79c45a20-74e1-440f-8cd3-091f20bc62d7 info: TableSharedKeyLiteAuthenticator:validate() Calculated authentication header based on key1: SharedKeyLite devstoreaccount1:KTMd2LyU93h1LzCYag8Hy22Fc/CXHqlaQYmtcKqXpLY=
2025-11-27T22:16:00.036Z 79c45a20-74e1-440f-8cd3-091f20bc62d7 info: TableSharedKeyLiteAuthenticator:validate() Signature 1 matched.
2025-11-27T22:16:00.036Z 79c45a20-74e1-440f-8cd3-091f20bc62d7 verbose: DeserializerMiddleware: Start deserializing...
2025-11-27T22:16:00.036Z 79c45a20-74e1-440f-8cd3-091f20bc62d7 debug: deserialize(): Raw request body string is (removed all empty characters) {"PartitionKey":"Project","RowKey":"4","id":"4","name":"CopilotDevelopmentandTraining","description":"ExtendLOBapplicationstointegratewithMicrosoftCopilotandtrainkeypersonnelonitsuse","clientName":"ConsolidatedMessenger","clientContact":"CameliaBanica","clientEmail":"cambanica@consolidatedmessenger.com","location":"{\"street\":\"Regeringsgatan25\",\"city\":\"Stockholm\",\"state\":\"Södermanland\",\"country\":\"SWE\",\"postalCode\":\"11153Stockholm\",\"latitude\":59.3293,\"longitude\":18.0686}"}
2025-11-27T22:16:00.036Z 79c45a20-74e1-440f-8cd3-091f20bc62d7 info: HandlerMiddleware: DeserializedParameters={"options":{"queryOptions":{},"requestId":"2bb11296-23d0-4fc5-b29c-6dd487754ccd","dataServiceVersion":"3.0","responsePreference":"return-no-content","tableEntityProperties":{"PartitionKey":"Project","RowKey":"4","id":"4","name":"Copilot Development and Training","description":"Extend LOB applications to integrate with Microsoft Copilot and train key personnel on its use","clientName":"Consolidated Messenger","clientContact":"Camelia Banica","clientEmail":"cambanica@consolidatedmessenger.com","location":"{\"street\":\"Regeringsgatan 25\",\"city\":\"Stockholm\",\"state\":\"Södermanland\",\"country\":\"SWE\",\"postalCode\":\"111 53 Stockholm\",\"latitude\":59.3293,\"longitude\":18.0686}"}},"version":"2019-02-02","body":"ReadableStream"}
2025-11-27T22:16:00.036Z 79c45a20-74e1-440f-8cd3-091f20bc62d7 verbose: SerializerMiddleware: Start serializing...
2025-11-27T22:16:00.036Z 79c45a20-74e1-440f-8cd3-091f20bc62d7 verbose: Send Table telemetry: T_Table_InsertEntity
2025-11-27T22:16:00.036Z 79c45a20-74e1-440f-8cd3-091f20bc62d7 info: EndMiddleware: End response. TotalTimeInMS=0 StatusCode=204 StatusMessage=undefined Headers={"server":"Azurite-Table/3.35.0","content-type":"application/json;odata=minimalmetadata","x-ms-client-request-id":"2bb11296-23d0-4fc5-b29c-6dd487754ccd","x-ms-request-id":"79c45a20-74e1-440f-8cd3-091f20bc62d7","x-ms-version":"2025-11-05","date":"Thu, 27 Nov 2025 22:16:00 GMT","etag":"W/\"datetime'2025-11-27T22%3A16%3A00.0361333Z'\"","preference-applied":"return-no-content"}
2025-11-27T22:16:00.037Z 3372343e-c575-4824-9451-89bc066d2995 info: TableStorageContextMiddleware: RequestMethod=POST RequestURL=http://127.0.0.1/devstoreaccount1/Assignment RequestHeaders:{"content-type":"application/json;odata=nometadata","accept":"application/json;odata=minimalmetadata","x-ms-version":"2019-02-02","dataserviceversion":"3.0","prefer":"return-no-content","accept-encoding":"gzip,deflate","user-agent":"azsdk-js-data-tables/13.1.2 core-rest-pipeline/1.22.2 Node/22.18.0 (Darwin 24.6.0; arm64)","x-ms-client-request-id":"696c9062-7c9c-4147-9cad-f98522d496bf","x-ms-date":"Thu, 27 Nov 2025 22:16:00 GMT","content-length":"497","authorization":"SharedKeyLite devstoreaccount1:ELUtrmYvIafKDDgaJf9sQBbrLI80s2BrC4AS/m/5AdU=","host":"127.0.0.1:10002","connection":"keep-alive"} ClientIP=127.0.0.1 Protocol=http HTTPVersion=1.1
2025-11-27T22:16:00.037Z 3372343e-c575-4824-9451-89bc066d2995 debug: tableStorageContextMiddleware: Dispatch pattern string: /Assignment
2025-11-27T22:16:00.037Z 3372343e-c575-4824-9451-89bc066d2995 info: tableStorageContextMiddleware: Account=devstoreaccount1 tableName=Assignment
2025-11-27T22:16:00.037Z 3372343e-c575-4824-9451-89bc066d2995 verbose: DispatchMiddleware: Dispatching request...
2025-11-27T22:16:00.037Z 3372343e-c575-4824-9451-89bc066d2995 info: DispatchMiddleware: Operation=Table_InsertEntity
2025-11-27T22:16:00.037Z 3372343e-c575-4824-9451-89bc066d2995 verbose: AuthenticationMiddlewareFactory:createAuthenticationMiddleware() Validating authentications.
2025-11-27T22:16:00.037Z 3372343e-c575-4824-9451-89bc066d2995 info: TableSharedKeyLiteAuthenticator:validate() Start validation against account shared key authentication.
2025-11-27T22:16:00.037Z 3372343e-c575-4824-9451-89bc066d2995 info: TableSharedKeyLiteAuthenticator:validate() [STRING TO SIGN]:"Thu, 27 Nov 2025 22:16:00 GMT\n/devstoreaccount1/devstoreaccount1/Assignment"
2025-11-27T22:16:00.037Z 3372343e-c575-4824-9451-89bc066d2995 info: TableSharedKeyLiteAuthenticator:validate() Calculated authentication header based on key1: SharedKeyLite devstoreaccount1:ELUtrmYvIafKDDgaJf9sQBbrLI80s2BrC4AS/m/5AdU=
2025-11-27T22:16:00.037Z 3372343e-c575-4824-9451-89bc066d2995 info: TableSharedKeyLiteAuthenticator:validate() Signature 1 matched.
2025-11-27T22:16:00.037Z 3372343e-c575-4824-9451-89bc066d2995 verbose: DeserializerMiddleware: Start deserializing...
2025-11-27T22:16:00.037Z 3372343e-c575-4824-9451-89bc066d2995 debug: deserialize(): Raw request body string is (removed all empty characters) {"PartitionKey":"Assignment","RowKey":"4,1","id":"4,1","projectId":"4","consultantId":"1","role":"Developer","billable":true,"rate":100,"forecast":"[{\"month\":3,\"year\":2024,\"hours\":40},{\"month\":4,\"year\":2024,\"hours\":40},{\"month\":5,\"year\":2024,\"hours\":40},{\"month\":6,\"year\":2024,\"hours\":40},{\"month\":7,\"year\":2024,\"hours\":40},{\"month\":8,\"year\":2024,\"hours\":40},{\"month\":9,\"year\":2024,\"hours\":40},{\"month\":10,\"year\":2024,\"hours\":40}]","delivered":"[]"}
2025-11-27T22:16:00.037Z 3372343e-c575-4824-9451-89bc066d2995 info: HandlerMiddleware: DeserializedParameters={"options":{"queryOptions":{},"requestId":"696c9062-7c9c-4147-9cad-f98522d496bf","dataServiceVersion":"3.0","responsePreference":"return-no-content","tableEntityProperties":{"PartitionKey":"Assignment","RowKey":"4,1","id":"4,1","projectId":"4","consultantId":"1","role":"Developer","billable":true,"rate":100,"forecast":"[{\"month\":3,\"year\":2024,\"hours\":40},{\"month\":4,\"year\":2024,\"hours\":40},{\"month\":5,\"year\":2024,\"hours\":40},{\"month\":6,\"year\":2024,\"hours\":40},{\"month\":7,\"year\":2024,\"hours\":40},{\"month\":8,\"year\":2024,\"hours\":40},{\"month\":9,\"year\":2024,\"hours\":40},{\"month\":10,\"year\":2024,\"hours\":40}]","delivered":"[]"}},"version":"2019-02-02","body":"ReadableStream"}
2025-11-27T22:16:00.037Z 3372343e-c575-4824-9451-89bc066d2995 verbose: SerializerMiddleware: Start serializing...
2025-11-27T22:16:00.037Z 3372343e-c575-4824-9451-89bc066d2995 verbose: Send Table telemetry: T_Table_InsertEntity
2025-11-27T22:16:00.037Z 3372343e-c575-4824-9451-89bc066d2995 info: EndMiddleware: End response. TotalTimeInMS=0 StatusCode=204 StatusMessage=undefined Headers={"server":"Azurite-Table/3.35.0","content-type":"application/json;odata=minimalmetadata","x-ms-client-request-id":"696c9062-7c9c-4147-9cad-f98522d496bf","x-ms-request-id":"3372343e-c575-4824-9451-89bc066d2995","x-ms-version":"2025-11-05","date":"Thu, 27 Nov 2025 22:16:00 GMT","etag":"W/\"datetime'2025-11-27T22%3A16%3A00.0371341Z'\"","preference-applied":"return-no-content"}
2025-11-27T22:16:00.037Z d4a2e9d7-66da-4d9a-a89d-7e0d9e567773 info: TableStorageContextMiddleware: RequestMethod=POST RequestURL=http://127.0.0.1/devstoreaccount1/Project RequestHeaders:{"content-type":"application/json;odata=nometadata","accept":"application/json;odata=minimalmetadata","x-ms-version":"2019-02-02","dataserviceversion":"3.0","prefer":"return-no-content","accept-encoding":"gzip,deflate","user-agent":"azsdk-js-data-tables/13.1.2 core-rest-pipeline/1.22.2 Node/22.18.0 (Darwin 24.6.0; arm64)","x-ms-client-request-id":"641683ae-307d-4af6-b1d5-d09508012e67","x-ms-date":"Thu, 27 Nov 2025 22:16:00 GMT","content-length":"478","authorization":"SharedKeyLite devstoreaccount1:KTMd2LyU93h1LzCYag8Hy22Fc/CXHqlaQYmtcKqXpLY=","host":"127.0.0.1:10002","connection":"keep-alive"} ClientIP=127.0.0.1 Protocol=http HTTPVersion=1.1
2025-11-27T22:16:00.037Z d4a2e9d7-66da-4d9a-a89d-7e0d9e567773 debug: tableStorageContextMiddleware: Dispatch pattern string: /Project
2025-11-27T22:16:00.037Z d4a2e9d7-66da-4d9a-a89d-7e0d9e567773 info: tableStorageContextMiddleware: Account=devstoreaccount1 tableName=Project
2025-11-27T22:16:00.037Z d4a2e9d7-66da-4d9a-a89d-7e0d9e567773 verbose: DispatchMiddleware: Dispatching request...
2025-11-27T22:16:00.037Z d4a2e9d7-66da-4d9a-a89d-7e0d9e567773 info: DispatchMiddleware: Operation=Table_InsertEntity
2025-11-27T22:16:00.037Z d4a2e9d7-66da-4d9a-a89d-7e0d9e567773 verbose: AuthenticationMiddlewareFactory:createAuthenticationMiddleware() Validating authentications.
2025-11-27T22:16:00.037Z d4a2e9d7-66da-4d9a-a89d-7e0d9e567773 info: TableSharedKeyLiteAuthenticator:validate() Start validation against account shared key authentication.
2025-11-27T22:16:00.037Z d4a2e9d7-66da-4d9a-a89d-7e0d9e567773 info: TableSharedKeyLiteAuthenticator:validate() [STRING TO SIGN]:"Thu, 27 Nov 2025 22:16:00 GMT\n/devstoreaccount1/devstoreaccount1/Project"
2025-11-27T22:16:00.037Z d4a2e9d7-66da-4d9a-a89d-7e0d9e567773 info: TableSharedKeyLiteAuthenticator:validate() Calculated authentication header based on key1: SharedKeyLite devstoreaccount1:KTMd2LyU93h1LzCYag8Hy22Fc/CXHqlaQYmtcKqXpLY=
2025-11-27T22:16:00.037Z d4a2e9d7-66da-4d9a-a89d-7e0d9e567773 info: TableSharedKeyLiteAuthenticator:validate() Signature 1 matched.
2025-11-27T22:16:00.038Z d4a2e9d7-66da-4d9a-a89d-7e0d9e567773 verbose: DeserializerMiddleware: Start deserializing...
2025-11-27T22:16:00.038Z d4a2e9d7-66da-4d9a-a89d-7e0d9e567773 debug: deserialize(): Raw request body string is (removed all empty characters) {"PartitionKey":"Project","RowKey":"5","id":"5","name":"ProjectAlphaClinicalTrialInspectionReporting","description":"ReviewandreportonresultsfromProjectAlpha2ndphaseclinicaltrials","clientName":"ContosoPharmaceuticals","clientContact":"KianaAnderson","clientEmail":"kianaa@contoso.com","location":"{\"street\":\"1CampusMartius\",\"city\":\"Detroit\",\"state\":\"MI\",\"country\":\"USA\",\"postalCode\":\"48226\",\"latitude\":42.3314,\"longitude\":-83.0458}"}
2025-11-27T22:16:00.038Z d4a2e9d7-66da-4d9a-a89d-7e0d9e567773 info: HandlerMiddleware: DeserializedParameters={"options":{"queryOptions":{},"requestId":"641683ae-307d-4af6-b1d5-d09508012e67","dataServiceVersion":"3.0","responsePreference":"return-no-content","tableEntityProperties":{"PartitionKey":"Project","RowKey":"5","id":"5","name":"Project Alpha Clinical Trial Inspection Reporting","description":"Review and report on results from Project Alpha 2nd phase clinical trials","clientName":"Contoso Pharmaceuticals","clientContact":"Kiana Anderson","clientEmail":"kianaa@contoso.com","location":"{\"street\":\"1 Campus Martius\",\"city\":\"Detroit\",\"state\":\"MI\",\"country\":\"USA\",\"postalCode\":\"48226\",\"latitude\":42.3314,\"longitude\":-83.0458}"}},"version":"2019-02-02","body":"ReadableStream"}
2025-11-27T22:16:00.038Z d4a2e9d7-66da-4d9a-a89d-7e0d9e567773 verbose: SerializerMiddleware: Start serializing...
2025-11-27T22:16:00.038Z d4a2e9d7-66da-4d9a-a89d-7e0d9e567773 verbose: Send Table telemetry: T_Table_InsertEntity
2025-11-27T22:16:00.038Z d4a2e9d7-66da-4d9a-a89d-7e0d9e567773 info: EndMiddleware: End response. TotalTimeInMS=1 StatusCode=204 StatusMessage=undefined Headers={"server":"Azurite-Table/3.35.0","content-type":"application/json;odata=minimalmetadata","x-ms-client-request-id":"641683ae-307d-4af6-b1d5-d09508012e67","x-ms-request-id":"d4a2e9d7-66da-4d9a-a89d-7e0d9e567773","x-ms-version":"2025-11-05","date":"Thu, 27 Nov 2025 22:16:00 GMT","etag":"W/\"datetime'2025-11-27T22%3A16%3A00.0371348Z'\"","preference-applied":"return-no-content"}
2025-11-27T22:16:00.038Z e0eb92b3-b35d-4ca1-8a64-05a8a9eab103 info: TableStorageContextMiddleware: RequestMethod=POST RequestURL=http://127.0.0.1/devstoreaccount1/Consultant RequestHeaders:{"content-type":"application/json;odata=nometadata","accept":"application/json;odata=minimalmetadata","x-ms-version":"2019-02-02","dataserviceversion":"3.0","prefer":"return-no-content","accept-encoding":"gzip,deflate","user-agent":"azsdk-js-data-tables/13.1.2 core-rest-pipeline/1.22.2 Node/22.18.0 (Darwin 24.6.0; arm64)","x-ms-client-request-id":"a46bb625-bc31-48f4-95f9-e1fb2db76a2f","x-ms-date":"Thu, 27 Nov 2025 22:16:00 GMT","content-length":"630","authorization":"SharedKeyLite devstoreaccount1:9A2k6S5t47FJnYNG4Ryqwuzz5KnvY2+hPAs+6khZIkI=","host":"127.0.0.1:10002","connection":"keep-alive"} ClientIP=127.0.0.1 Protocol=http HTTPVersion=1.1
2025-11-27T22:16:00.038Z e0eb92b3-b35d-4ca1-8a64-05a8a9eab103 debug: tableStorageContextMiddleware: Dispatch pattern string: /Consultant
2025-11-27T22:16:00.038Z e0eb92b3-b35d-4ca1-8a64-05a8a9eab103 info: tableStorageContextMiddleware: Account=devstoreaccount1 tableName=Consultant
2025-11-27T22:16:00.038Z e0eb92b3-b35d-4ca1-8a64-05a8a9eab103 verbose: DispatchMiddleware: Dispatching request...
2025-11-27T22:16:00.038Z e0eb92b3-b35d-4ca1-8a64-05a8a9eab103 info: DispatchMiddleware: Operation=Table_InsertEntity
2025-11-27T22:16:00.038Z e0eb92b3-b35d-4ca1-8a64-05a8a9eab103 verbose: AuthenticationMiddlewareFactory:createAuthenticationMiddleware() Validating authentications.
2025-11-27T22:16:00.038Z e0eb92b3-b35d-4ca1-8a64-05a8a9eab103 info: TableSharedKeyLiteAuthenticator:validate() Start validation against account shared key authentication.
2025-11-27T22:16:00.038Z e0eb92b3-b35d-4ca1-8a64-05a8a9eab103 info: TableSharedKeyLiteAuthenticator:validate() [STRING TO SIGN]:"Thu, 27 Nov 2025 22:16:00 GMT\n/devstoreaccount1/devstoreaccount1/Consultant"
2025-11-27T22:16:00.038Z e0eb92b3-b35d-4ca1-8a64-05a8a9eab103 info: TableSharedKeyLiteAuthenticator:validate() Calculated authentication header based on key1: SharedKeyLite devstoreaccount1:9A2k6S5t47FJnYNG4Ryqwuzz5KnvY2+hPAs+6khZIkI=
2025-11-27T22:16:00.038Z e0eb92b3-b35d-4ca1-8a64-05a8a9eab103 info: TableSharedKeyLiteAuthenticator:validate() Signature 1 matched.
2025-11-27T22:16:00.038Z e0eb92b3-b35d-4ca1-8a64-05a8a9eab103 verbose: DeserializerMiddleware: Start deserializing...
2025-11-27T22:16:00.038Z e0eb92b3-b35d-4ca1-8a64-05a8a9eab103 debug: deserialize(): Raw request body string is (removed all empty characters) {"PartitionKey":"Consultant","RowKey":"4","id":"4","name":"SanjayPuranik","email":"sanjay@treyresearch.com","phone":"1-555-562-7890","consultantPhotoUrl":"https://bobgerman.github.io/fictitiousAiGenerated/Sanjay.jpg","location":"{\"street\":\"2KingdomSt.\",\"city\":\"Paddington,London\",\"state\":\"EN\",\"country\":\"GBR\",\"postalCode\":\"W26BD\",\"latitude\":51.5194,\"longitude\":-0.1781}","skills":"[\"TypeScript\",\"JavaScript\",\"Angular\",\"React\",\"Node.js\"]","certifications":"[\"MCPPSAE\",\"PowerPlatformSolutionArchitectExpert\",\"MCAF\",\"AzureFundamentals\"]","roles":"[\"Projectlead\",\"Developer\"]"}
2025-11-27T22:16:00.038Z e0eb92b3-b35d-4ca1-8a64-05a8a9eab103 info: HandlerMiddleware: DeserializedParameters={"options":{"queryOptions":{},"requestId":"a46bb625-bc31-48f4-95f9-e1fb2db76a2f","dataServiceVersion":"3.0","responsePreference":"return-no-content","tableEntityProperties":{"PartitionKey":"Consultant","RowKey":"4","id":"4","name":"Sanjay Puranik","email":"sanjay@treyresearch.com","phone":"1-555-562-7890","consultantPhotoUrl":"https://bobgerman.github.io/fictitiousAiGenerated/Sanjay.jpg","location":"{\"street\":\"2 Kingdom St.\",\"city\":\"Paddington, London\",\"state\":\"EN\",\"country\":\"GBR\",\"postalCode\":\"W2 6BD\",\"latitude\":51.5194,\"longitude\":-0.1781}","skills":"[\"TypeScript\",\"JavaScript\",\"Angular\",\"React\",\"Node.js\"]","certifications":"[\"MCPPSAE\",\"Power Platform Solution Architect Expert\",\"MCAF\",\"Azure Fundamentals\"]","roles":"[\"Project lead\",\"Developer\"]"}},"version":"2019-02-02","body":"ReadableStream"}
2025-11-27T22:16:00.038Z e0eb92b3-b35d-4ca1-8a64-05a8a9eab103 verbose: SerializerMiddleware: Start serializing...
2025-11-27T22:16:00.038Z e0eb92b3-b35d-4ca1-8a64-05a8a9eab103 verbose: Send Table telemetry: T_Table_InsertEntity
2025-11-27T22:16:00.038Z e0eb92b3-b35d-4ca1-8a64-05a8a9eab103 info: EndMiddleware: End response. TotalTimeInMS=0 StatusCode=204 StatusMessage=undefined Headers={"server":"Azurite-Table/3.35.0","content-type":"application/json;odata=minimalmetadata","x-ms-client-request-id":"a46bb625-bc31-48f4-95f9-e1fb2db76a2f","x-ms-request-id":"e0eb92b3-b35d-4ca1-8a64-05a8a9eab103","x-ms-version":"2025-11-05","date":"Thu, 27 Nov 2025 22:16:00 GMT","etag":"W/\"datetime'2025-11-27T22%3A16%3A00.0381354Z'\"","preference-applied":"return-no-content"}
2025-11-27T22:16:00.039Z 6c13bbb9-c005-4230-a865-256d6a2771a9 info: TableStorageContextMiddleware: RequestMethod=POST RequestURL=http://127.0.0.1/devstoreaccount1/Project RequestHeaders:{"content-type":"application/json;odata=nometadata","accept":"application/json;odata=minimalmetadata","x-ms-version":"2019-02-02","dataserviceversion":"3.0","prefer":"return-no-content","accept-encoding":"gzip,deflate","user-agent":"azsdk-js-data-tables/13.1.2 core-rest-pipeline/1.22.2 Node/22.18.0 (Darwin 24.6.0; arm64)","x-ms-client-request-id":"68cdb2a8-933f-4b81-8cd4-207b6829eaef","x-ms-date":"Thu, 27 Nov 2025 22:16:00 GMT","content-length":"497","authorization":"SharedKeyLite devstoreaccount1:KTMd2LyU93h1LzCYag8Hy22Fc/CXHqlaQYmtcKqXpLY=","host":"127.0.0.1:10002","connection":"keep-alive"} ClientIP=127.0.0.1 Protocol=http HTTPVersion=1.1
2025-11-27T22:16:00.039Z 6c13bbb9-c005-4230-a865-256d6a2771a9 debug: tableStorageContextMiddleware: Dispatch pattern string: /Project
2025-11-27T22:16:00.039Z 6c13bbb9-c005-4230-a865-256d6a2771a9 info: tableStorageContextMiddleware: Account=devstoreaccount1 tableName=Project
2025-11-27T22:16:00.039Z 6c13bbb9-c005-4230-a865-256d6a2771a9 verbose: DispatchMiddleware: Dispatching request...
2025-11-27T22:16:00.039Z 6c13bbb9-c005-4230-a865-256d6a2771a9 info: DispatchMiddleware: Operation=Table_InsertEntity
2025-11-27T22:16:00.039Z 6c13bbb9-c005-4230-a865-256d6a2771a9 verbose: AuthenticationMiddlewareFactory:createAuthenticationMiddleware() Validating authentications.
2025-11-27T22:16:00.039Z 6c13bbb9-c005-4230-a865-256d6a2771a9 info: TableSharedKeyLiteAuthenticator:validate() Start validation against account shared key authentication.
2025-11-27T22:16:00.039Z 6c13bbb9-c005-4230-a865-256d6a2771a9 info: TableSharedKeyLiteAuthenticator:validate() [STRING TO SIGN]:"Thu, 27 Nov 2025 22:16:00 GMT\n/devstoreaccount1/devstoreaccount1/Project"
2025-11-27T22:16:00.039Z 6c13bbb9-c005-4230-a865-256d6a2771a9 info: TableSharedKeyLiteAuthenticator:validate() Calculated authentication header based on key1: SharedKeyLite devstoreaccount1:KTMd2LyU93h1LzCYag8Hy22Fc/CXHqlaQYmtcKqXpLY=
2025-11-27T22:16:00.039Z 6c13bbb9-c005-4230-a865-256d6a2771a9 info: TableSharedKeyLiteAuthenticator:validate() Signature 1 matched.
2025-11-27T22:16:00.039Z 6c13bbb9-c005-4230-a865-256d6a2771a9 verbose: DeserializerMiddleware: Start deserializing...
2025-11-27T22:16:00.039Z 6c13bbb9-c005-4230-a865-256d6a2771a9 debug: deserialize(): Raw request body string is (removed all empty characters) {"PartitionKey":"Project","RowKey":"6","id":"6","name":"CybersecurityAwarenessProgram","description":"DevelopanddeliveracybersecurityawarenessprogramforHumongousInsuranceemployees","clientName":"HumongousInsurance","clientContact":"ParkerMcLean","clientEmail":"parkerm@humongousinsurance.com","location":"{\"street\":\"280TrumbullStreet,21stfloor\",\"city\":\"Hartford\",\"state\":\"CT\",\"country\":\"USA\",\"postalCode\":\"06103\",\"latitude\":41.7658,\"longitude\":-72.6734}"}
2025-11-27T22:16:00.039Z 6c13bbb9-c005-4230-a865-256d6a2771a9 info: HandlerMiddleware: DeserializedParameters={"options":{"queryOptions":{},"requestId":"68cdb2a8-933f-4b81-8cd4-207b6829eaef","dataServiceVersion":"3.0","responsePreference":"return-no-content","tableEntityProperties":{"PartitionKey":"Project","RowKey":"6","id":"6","name":"Cybersecurity Awareness Program","description":"Develop and deliver a cybersecurity awareness program for Humongous Insurance employees","clientName":"Humongous Insurance","clientContact":"Parker McLean","clientEmail":"parkerm@humongousinsurance.com","location":"{\"street\":\"280 Trumbull Street, 21st floor\",\"city\":\"Hartford\",\"state\":\"CT\",\"country\":\"USA\",\"postalCode\":\"06103\",\"latitude\":41.7658,\"longitude\":-72.6734}"}},"version":"2019-02-02","body":"ReadableStream"}
2025-11-27T22:16:00.039Z 6c13bbb9-c005-4230-a865-256d6a2771a9 verbose: SerializerMiddleware: Start serializing...
2025-11-27T22:16:00.040Z 6c13bbb9-c005-4230-a865-256d6a2771a9 verbose: Send Table telemetry: T_Table_InsertEntity
2025-11-27T22:16:00.040Z 6c13bbb9-c005-4230-a865-256d6a2771a9 info: EndMiddleware: End response. TotalTimeInMS=1 StatusCode=204 StatusMessage=undefined Headers={"server":"Azurite-Table/3.35.0","content-type":"application/json;odata=minimalmetadata","x-ms-client-request-id":"68cdb2a8-933f-4b81-8cd4-207b6829eaef","x-ms-request-id":"6c13bbb9-c005-4230-a865-256d6a2771a9","x-ms-version":"2025-11-05","date":"Thu, 27 Nov 2025 22:16:00 GMT","etag":"W/\"datetime'2025-11-27T22%3A16%3A00.0391365Z'\"","preference-applied":"return-no-content"}
2025-11-27T22:16:00.040Z ed6e510c-dbff-4987-9049-50daf527e4cc info: TableStorageContextMiddleware: RequestMethod=POST RequestURL=http://127.0.0.1/devstoreaccount1/Consultant RequestHeaders:{"content-type":"application/json;odata=nometadata","accept":"application/json;odata=minimalmetadata","x-ms-version":"2019-02-02","dataserviceversion":"3.0","prefer":"return-no-content","accept-encoding":"gzip,deflate","user-agent":"azsdk-js-data-tables/13.1.2 core-rest-pipeline/1.22.2 Node/22.18.0 (Darwin 24.6.0; arm64)","x-ms-client-request-id":"46ab2090-2a27-4ac9-8863-5afecd3c8805","x-ms-date":"Thu, 27 Nov 2025 22:16:00 GMT","content-length":"552","authorization":"SharedKeyLite devstoreaccount1:9A2k6S5t47FJnYNG4Ryqwuzz5KnvY2+hPAs+6khZIkI=","host":"127.0.0.1:10002","connection":"keep-alive"} ClientIP=127.0.0.1 Protocol=http HTTPVersion=1.1
2025-11-27T22:16:00.040Z ed6e510c-dbff-4987-9049-50daf527e4cc debug: tableStorageContextMiddleware: Dispatch pattern string: /Consultant
2025-11-27T22:16:00.040Z ed6e510c-dbff-4987-9049-50daf527e4cc info: tableStorageContextMiddleware: Account=devstoreaccount1 tableName=Consultant
2025-11-27T22:16:00.040Z ed6e510c-dbff-4987-9049-50daf527e4cc verbose: DispatchMiddleware: Dispatching request...
2025-11-27T22:16:00.040Z ed6e510c-dbff-4987-9049-50daf527e4cc info: DispatchMiddleware: Operation=Table_InsertEntity
2025-11-27T22:16:00.040Z ed6e510c-dbff-4987-9049-50daf527e4cc verbose: AuthenticationMiddlewareFactory:createAuthenticationMiddleware() Validating authentications.
2025-11-27T22:16:00.040Z ed6e510c-dbff-4987-9049-50daf527e4cc info: TableSharedKeyLiteAuthenticator:validate() Start validation against account shared key authentication.
2025-11-27T22:16:00.040Z ed6e510c-dbff-4987-9049-50daf527e4cc info: TableSharedKeyLiteAuthenticator:validate() [STRING TO SIGN]:"Thu, 27 Nov 2025 22:16:00 GMT\n/devstoreaccount1/devstoreaccount1/Consultant"
2025-11-27T22:16:00.040Z ed6e510c-dbff-4987-9049-50daf527e4cc info: TableSharedKeyLiteAuthenticator:validate() Calculated authentication header based on key1: SharedKeyLite devstoreaccount1:9A2k6S5t47FJnYNG4Ryqwuzz5KnvY2+hPAs+6khZIkI=
2025-11-27T22:16:00.040Z ed6e510c-dbff-4987-9049-50daf527e4cc info: TableSharedKeyLiteAuthenticator:validate() Signature 1 matched.
2025-11-27T22:16:00.040Z ed6e510c-dbff-4987-9049-50daf527e4cc verbose: DeserializerMiddleware: Start deserializing...
2025-11-27T22:16:00.040Z ed6e510c-dbff-4987-9049-50daf527e4cc debug: deserialize(): Raw request body string is (removed all empty characters) {"PartitionKey":"Consultant","RowKey":"5","id":"5","name":"LoisWyn","email":"lois@treyresearch.com","phone":"1-555-664-7890","consultantPhotoUrl":"https://bobgerman.github.io/fictitiousAiGenerated/Lois.jpg","location":"{\"street\":\"4220DuncanAve.,Suite501\",\"city\":\"St.Louis\",\"state\":\"MO\",\"country\":\"USA\",\"postalCode\":\"63110\",\"latitude\":38.6283,\"longitude\":-90.2545}","skills":"[\"Projectmanagement\",\"Agile\"]","certifications":"[\"ProjectManagementProfessional\",\"PMP\",\"AgileLeader\"]","roles":"[\"Projectlead\"]"}
2025-11-27T22:16:00.040Z ed6e510c-dbff-4987-9049-50daf527e4cc info: HandlerMiddleware: DeserializedParameters={"options":{"queryOptions":{},"requestId":"46ab2090-2a27-4ac9-8863-5afecd3c8805","dataServiceVersion":"3.0","responsePreference":"return-no-content","tableEntityProperties":{"PartitionKey":"Consultant","RowKey":"5","id":"5","name":"Lois Wyn","email":"lois@treyresearch.com","phone":"1-555-664-7890","consultantPhotoUrl":"https://bobgerman.github.io/fictitiousAiGenerated/Lois.jpg","location":"{\"street\":\"4220 Duncan Ave., Suite 501\",\"city\":\"St. Louis\",\"state\":\"MO\",\"country\":\"USA\",\"postalCode\":\"63110\",\"latitude\":38.6283,\"longitude\":-90.2545}","skills":"[\"Project management\",\"Agile\"]","certifications":"[\"Project Management Professional\",\"PMP\",\"Agile Leader\"]","roles":"[\"Project lead\"]"}},"version":"2019-02-02","body":"ReadableStream"}
2025-11-27T22:16:00.040Z ed6e510c-dbff-4987-9049-50daf527e4cc verbose: SerializerMiddleware: Start serializing...
2025-11-27T22:16:00.040Z ed6e510c-dbff-4987-9049-50daf527e4cc verbose: Send Table telemetry: T_Table_InsertEntity
2025-11-27T22:16:00.040Z ed6e510c-dbff-4987-9049-50daf527e4cc info: EndMiddleware: End response. TotalTimeInMS=0 StatusCode=204 StatusMessage=undefined Headers={"server":"Azurite-Table/3.35.0","content-type":"application/json;odata=minimalmetadata","x-ms-client-request-id":"46ab2090-2a27-4ac9-8863-5afecd3c8805","x-ms-request-id":"ed6e510c-dbff-4987-9049-50daf527e4cc","x-ms-version":"2025-11-05","date":"Thu, 27 Nov 2025 22:16:00 GMT","etag":"W/\"datetime'2025-11-27T22%3A16%3A00.0401373Z'\"","preference-applied":"return-no-content"}
2025-11-27T22:16:00.040Z 2dceabcc-02d1-4f19-a016-e849bd6cf49e info: TableStorageContextMiddleware: RequestMethod=POST RequestURL=http://127.0.0.1/devstoreaccount1/Project RequestHeaders:{"content-type":"application/json;odata=nometadata","accept":"application/json;odata=minimalmetadata","x-ms-version":"2019-02-02","dataserviceversion":"3.0","prefer":"return-no-content","accept-encoding":"gzip,deflate","user-agent":"azsdk-js-data-tables/13.1.2 core-rest-pipeline/1.22.2 Node/22.18.0 (Darwin 24.6.0; arm64)","x-ms-client-request-id":"b92020ef-5251-41b9-85ab-01c17dc4ef69","x-ms-date":"Thu, 27 Nov 2025 22:16:00 GMT","content-length":"506","authorization":"SharedKeyLite devstoreaccount1:KTMd2LyU93h1LzCYag8Hy22Fc/CXHqlaQYmtcKqXpLY=","host":"127.0.0.1:10002","connection":"keep-alive"} ClientIP=127.0.0.1 Protocol=http HTTPVersion=1.1
2025-11-27T22:16:00.040Z 2dceabcc-02d1-4f19-a016-e849bd6cf49e debug: tableStorageContextMiddleware: Dispatch pattern string: /Project
2025-11-27T22:16:00.040Z 2dceabcc-02d1-4f19-a016-e849bd6cf49e info: tableStorageContextMiddleware: Account=devstoreaccount1 tableName=Project
2025-11-27T22:16:00.040Z 2dceabcc-02d1-4f19-a016-e849bd6cf49e verbose: DispatchMiddleware: Dispatching request...
2025-11-27T22:16:00.040Z 2dceabcc-02d1-4f19-a016-e849bd6cf49e info: DispatchMiddleware: Operation=Table_InsertEntity
2025-11-27T22:16:00.040Z 2dceabcc-02d1-4f19-a016-e849bd6cf49e verbose: AuthenticationMiddlewareFactory:createAuthenticationMiddleware() Validating authentications.
2025-11-27T22:16:00.040Z 2dceabcc-02d1-4f19-a016-e849bd6cf49e info: TableSharedKeyLiteAuthenticator:validate() Start validation against account shared key authentication.
2025-11-27T22:16:00.040Z 2dceabcc-02d1-4f19-a016-e849bd6cf49e info: TableSharedKeyLiteAuthenticator:validate() [STRING TO SIGN]:"Thu, 27 Nov 2025 22:16:00 GMT\n/devstoreaccount1/devstoreaccount1/Project"
2025-11-27T22:16:00.040Z 2dceabcc-02d1-4f19-a016-e849bd6cf49e info: TableSharedKeyLiteAuthenticator:validate() Calculated authentication header based on key1: SharedKeyLite devstoreaccount1:KTMd2LyU93h1LzCYag8Hy22Fc/CXHqlaQYmtcKqXpLY=
2025-11-27T22:16:00.040Z 2dceabcc-02d1-4f19-a016-e849bd6cf49e info: TableSharedKeyLiteAuthenticator:validate() Signature 1 matched.
2025-11-27T22:16:00.040Z 2dceabcc-02d1-4f19-a016-e849bd6cf49e verbose: DeserializerMiddleware: Start deserializing...
2025-11-27T22:16:00.041Z 2dceabcc-02d1-4f19-a016-e849bd6cf49e debug: deserialize(): Raw request body string is (removed all empty characters) {"PartitionKey":"Project","RowKey":"7","id":"7","name":"PatientdataretentionSOPanalysisandupdate","description":"Reviewexistingstandardoperatingproceduresforpatientdataretentionandupdateasnecessary","clientName":"LamnaHealthcareCompany","clientContact":"NayanMittal","clientEmail":"nmittal@lamnahealthcare.com","location":"{\"street\":\"45LibertyBlvd.\",\"city\":\"Malvern\",\"state\":\"PA\",\"country\":\"USA\",\"postalCode\":\"19355\",\"latitude\":40.0412,\"longitude\":-75.5336}"}
2025-11-27T22:16:00.041Z 2dceabcc-02d1-4f19-a016-e849bd6cf49e info: HandlerMiddleware: DeserializedParameters={"options":{"queryOptions":{},"requestId":"b92020ef-5251-41b9-85ab-01c17dc4ef69","dataServiceVersion":"3.0","responsePreference":"return-no-content","tableEntityProperties":{"PartitionKey":"Project","RowKey":"7","id":"7","name":"Patient data retention SOP analysis and update","description":"Review existing standard operating procedures for patient data retention and update as necessary","clientName":"Lamna Healthcare Company","clientContact":"Nayan Mittal","clientEmail":"nmittal@lamnahealthcare.com","location":"{\"street\":\"45 Liberty Blvd.\",\"city\":\"Malvern\",\"state\":\"PA\",\"country\":\"USA\",\"postalCode\":\"19355\",\"latitude\":40.0412,\"longitude\":-75.5336}"}},"version":"2019-02-02","body":"ReadableStream"}
2025-11-27T22:16:00.041Z 2dceabcc-02d1-4f19-a016-e849bd6cf49e verbose: SerializerMiddleware: Start serializing...
2025-11-27T22:16:00.041Z 2dceabcc-02d1-4f19-a016-e849bd6cf49e verbose: Send Table telemetry: T_Table_InsertEntity
2025-11-27T22:16:00.041Z 2dceabcc-02d1-4f19-a016-e849bd6cf49e info: EndMiddleware: End response. TotalTimeInMS=1 StatusCode=204 StatusMessage=undefined Headers={"server":"Azurite-Table/3.35.0","content-type":"application/json;odata=minimalmetadata","x-ms-client-request-id":"b92020ef-5251-41b9-85ab-01c17dc4ef69","x-ms-request-id":"2dceabcc-02d1-4f19-a016-e849bd6cf49e","x-ms-version":"2025-11-05","date":"Thu, 27 Nov 2025 22:16:00 GMT","etag":"W/\"datetime'2025-11-27T22%3A16%3A00.0401377Z'\"","preference-applied":"return-no-content"}
2025-11-27T22:16:00.041Z b75b2f11-d42c-47d7-b9d9-dae13b68e650 info: TableStorageContextMiddleware: RequestMethod=POST RequestURL=http://127.0.0.1/devstoreaccount1/Project RequestHeaders:{"content-type":"application/json;odata=nometadata","accept":"application/json;odata=minimalmetadata","x-ms-version":"2019-02-02","dataserviceversion":"3.0","prefer":"return-no-content","accept-encoding":"gzip,deflate","user-agent":"azsdk-js-data-tables/13.1.2 core-rest-pipeline/1.22.2 Node/22.18.0 (Darwin 24.6.0; arm64)","x-ms-client-request-id":"e5035194-8a14-4735-9529-6d49effe0641","x-ms-date":"Thu, 27 Nov 2025 22:16:00 GMT","content-length":"483","authorization":"SharedKeyLite devstoreaccount1:KTMd2LyU93h1LzCYag8Hy22Fc/CXHqlaQYmtcKqXpLY=","host":"127.0.0.1:10002","connection":"keep-alive"} ClientIP=127.0.0.1 Protocol=http HTTPVersion=1.1
2025-11-27T22:16:00.041Z b75b2f11-d42c-47d7-b9d9-dae13b68e650 debug: tableStorageContextMiddleware: Dispatch pattern string: /Project
2025-11-27T22:16:00.041Z b75b2f11-d42c-47d7-b9d9-dae13b68e650 info: tableStorageContextMiddleware: Account=devstoreaccount1 tableName=Project
2025-11-27T22:16:00.041Z b75b2f11-d42c-47d7-b9d9-dae13b68e650 verbose: DispatchMiddleware: Dispatching request...
2025-11-27T22:16:00.041Z b75b2f11-d42c-47d7-b9d9-dae13b68e650 info: DispatchMiddleware: Operation=Table_InsertEntity
2025-11-27T22:16:00.041Z b75b2f11-d42c-47d7-b9d9-dae13b68e650 verbose: AuthenticationMiddlewareFactory:createAuthenticationMiddleware() Validating authentications.
2025-11-27T22:16:00.041Z b75b2f11-d42c-47d7-b9d9-dae13b68e650 info: TableSharedKeyLiteAuthenticator:validate() Start validation against account shared key authentication.
2025-11-27T22:16:00.041Z b75b2f11-d42c-47d7-b9d9-dae13b68e650 info: TableSharedKeyLiteAuthenticator:validate() [STRING TO SIGN]:"Thu, 27 Nov 2025 22:16:00 GMT\n/devstoreaccount1/devstoreaccount1/Project"
2025-11-27T22:16:00.041Z b75b2f11-d42c-47d7-b9d9-dae13b68e650 info: TableSharedKeyLiteAuthenticator:validate() Calculated authentication header based on key1: SharedKeyLite devstoreaccount1:KTMd2LyU93h1LzCYag8Hy22Fc/CXHqlaQYmtcKqXpLY=
2025-11-27T22:16:00.041Z b75b2f11-d42c-47d7-b9d9-dae13b68e650 info: TableSharedKeyLiteAuthenticator:validate() Signature 1 matched.
2025-11-27T22:16:00.041Z b75b2f11-d42c-47d7-b9d9-dae13b68e650 verbose: DeserializerMiddleware: Start deserializing...
2025-11-27T22:16:00.042Z b75b2f11-d42c-47d7-b9d9-dae13b68e650 debug: deserialize(): Raw request body string is (removed all empty characters) {"PartitionKey":"Project","RowKey":"8","id":"8","name":"DisasterRecoveryPlanning","description":"UpdateriskassessmentanddevelopadisasterrecoveryplanforRelecloud'sdatacenteroperations","clientName":"Relecloud","clientContact":"ShaktiMenon","clientEmail":"shakti@relecloud.com","location":"{\"street\":\"6/18,BellandurGateRd.\",\"city\":\"Bengaluru\",\"state\":\"Karnataka\",\"country\":\"India\",\"postalCode\":\"56103\",\"latitude\":12.9716,\"longitude\":77.5946}"}
2025-11-27T22:16:00.042Z b75b2f11-d42c-47d7-b9d9-dae13b68e650 info: HandlerMiddleware: DeserializedParameters={"options":{"queryOptions":{},"requestId":"e5035194-8a14-4735-9529-6d49effe0641","dataServiceVersion":"3.0","responsePreference":"return-no-content","tableEntityProperties":{"PartitionKey":"Project","RowKey":"8","id":"8","name":"Disaster Recovery Planning","description":"Update risk assessment and develop a disaster recovery plan for Relecloud's datacenter operations","clientName":"Relecloud","clientContact":"Shakti Menon","clientEmail":"shakti@relecloud.com","location":"{\"street\":\"6/18, Bellandur Gate Rd.\",\"city\":\"Bengaluru\",\"state\":\"Karnataka\",\"country\":\"India\",\"postalCode\":\"56103\",\"latitude\":12.9716,\"longitude\":77.5946}"}},"version":"2019-02-02","body":"ReadableStream"}
2025-11-27T22:16:00.042Z b75b2f11-d42c-47d7-b9d9-dae13b68e650 verbose: SerializerMiddleware: Start serializing...
2025-11-27T22:16:00.042Z b75b2f11-d42c-47d7-b9d9-dae13b68e650 verbose: Send Table telemetry: T_Table_InsertEntity
2025-11-27T22:16:00.042Z b75b2f11-d42c-47d7-b9d9-dae13b68e650 info: EndMiddleware: End response. TotalTimeInMS=1 StatusCode=204 StatusMessage=undefined Headers={"server":"Azurite-Table/3.35.0","content-type":"application/json;odata=minimalmetadata","x-ms-client-request-id":"e5035194-8a14-4735-9529-6d49effe0641","x-ms-request-id":"b75b2f11-d42c-47d7-b9d9-dae13b68e650","x-ms-version":"2025-11-05","date":"Thu, 27 Nov 2025 22:16:00 GMT","etag":"W/\"datetime'2025-11-27T22%3A16%3A00.0411388Z'\"","preference-applied":"return-no-content"}
2025-11-27T22:16:00.043Z 36289b9f-15db-4f31-8c24-975303cbb493 info: TableStorageContextMiddleware: RequestMethod=POST RequestURL=http://127.0.0.1/devstoreaccount1/Project RequestHeaders:{"content-type":"application/json;odata=nometadata","accept":"application/json;odata=minimalmetadata","x-ms-version":"2019-02-02","dataserviceversion":"3.0","prefer":"return-no-content","accept-encoding":"gzip,deflate","user-agent":"azsdk-js-data-tables/13.1.2 core-rest-pipeline/1.22.2 Node/22.18.0 (Darwin 24.6.0; arm64)","x-ms-client-request-id":"9836bd56-64af-4f02-b076-901ee71ef2ad","x-ms-date":"Thu, 27 Nov 2025 22:16:00 GMT","content-length":"485","authorization":"SharedKeyLite devstoreaccount1:KTMd2LyU93h1LzCYag8Hy22Fc/CXHqlaQYmtcKqXpLY=","host":"127.0.0.1:10002","connection":"keep-alive"} ClientIP=127.0.0.1 Protocol=http HTTPVersion=1.1
2025-11-27T22:16:00.043Z 36289b9f-15db-4f31-8c24-975303cbb493 debug: tableStorageContextMiddleware: Dispatch pattern string: /Project
2025-11-27T22:16:00.043Z 36289b9f-15db-4f31-8c24-975303cbb493 info: tableStorageContextMiddleware: Account=devstoreaccount1 tableName=Project
2025-11-27T22:16:00.043Z 36289b9f-15db-4f31-8c24-975303cbb493 verbose: DispatchMiddleware: Dispatching request...
2025-11-27T22:16:00.043Z 36289b9f-15db-4f31-8c24-975303cbb493 info: DispatchMiddleware: Operation=Table_InsertEntity
2025-11-27T22:16:00.043Z 36289b9f-15db-4f31-8c24-975303cbb493 verbose: AuthenticationMiddlewareFactory:createAuthenticationMiddleware() Validating authentications.
2025-11-27T22:16:00.043Z 36289b9f-15db-4f31-8c24-975303cbb493 info: TableSharedKeyLiteAuthenticator:validate() Start validation against account shared key authentication.
2025-11-27T22:16:00.043Z 36289b9f-15db-4f31-8c24-975303cbb493 info: TableSharedKeyLiteAuthenticator:validate() [STRING TO SIGN]:"Thu, 27 Nov 2025 22:16:00 GMT\n/devstoreaccount1/devstoreaccount1/Project"
2025-11-27T22:16:00.043Z 36289b9f-15db-4f31-8c24-975303cbb493 info: TableSharedKeyLiteAuthenticator:validate() Calculated authentication header based on key1: SharedKeyLite devstoreaccount1:KTMd2LyU93h1LzCYag8Hy22Fc/CXHqlaQYmtcKqXpLY=
2025-11-27T22:16:00.043Z 36289b9f-15db-4f31-8c24-975303cbb493 info: TableSharedKeyLiteAuthenticator:validate() Signature 1 matched.
2025-11-27T22:16:00.043Z 36289b9f-15db-4f31-8c24-975303cbb493 verbose: DeserializerMiddleware: Start deserializing...
2025-11-27T22:16:00.043Z 36289b9f-15db-4f31-8c24-975303cbb493 debug: deserialize(): Raw request body string is (removed all empty characters) {"PartitionKey":"Project","RowKey":"9","id":"9","name":"Videodistributionplatformmigration","description":"ImplementanewvideodistributionplatforminMicrosoftAzure","clientName":"SouthridgeVideo","clientContact":"TomoTakahashi","clientEmail":"tomot@southridgevideo.com","location":"{\"street\":\"1MartinPlace,Level15\",\"city\":\"Sydney\",\"state\":\"NewSouthWales\",\"country\":\"Australia\",\"postalCode\":\"NSW2000\",\"latitude\":-33.8679,\"longitude\":151.2073}"}
2025-11-27T22:16:00.043Z 36289b9f-15db-4f31-8c24-975303cbb493 info: HandlerMiddleware: DeserializedParameters={"options":{"queryOptions":{},"requestId":"9836bd56-64af-4f02-b076-901ee71ef2ad","dataServiceVersion":"3.0","responsePreference":"return-no-content","tableEntityProperties":{"PartitionKey":"Project","RowKey":"9","id":"9","name":"Video distribution platform migration","description":"Implement a new video distribution platform in Microsoft Azure","clientName":"Southridge Video","clientContact":"Tomo Takahashi","clientEmail":"tomot@southridgevideo.com","location":"{\"street\":\"1 Martin Place, Level 15\",\"city\":\"Sydney\",\"state\":\"New South Wales\",\"country\":\"Australia\",\"postalCode\":\"NSW 2000\",\"latitude\":-33.8679,\"longitude\":151.2073}"}},"version":"2019-02-02","body":"ReadableStream"}
2025-11-27T22:16:00.043Z 36289b9f-15db-4f31-8c24-975303cbb493 verbose: SerializerMiddleware: Start serializing...
2025-11-27T22:16:00.043Z 36289b9f-15db-4f31-8c24-975303cbb493 verbose: Send Table telemetry: T_Table_InsertEntity
2025-11-27T22:16:00.043Z 36289b9f-15db-4f31-8c24-975303cbb493 info: EndMiddleware: End response. TotalTimeInMS=1 StatusCode=204 StatusMessage=undefined Headers={"server":"Azurite-Table/3.35.0","content-type":"application/json;odata=minimalmetadata","x-ms-client-request-id":"9836bd56-64af-4f02-b076-901ee71ef2ad","x-ms-request-id":"36289b9f-15db-4f31-8c24-975303cbb493","x-ms-version":"2025-11-05","date":"Thu, 27 Nov 2025 22:16:00 GMT","etag":"W/\"datetime'2025-11-27T22%3A16%3A00.0421400Z'\"","preference-applied":"return-no-content"}
2025-11-27T22:16:00.043Z e5768f53-f0d2-48bc-ac78-68c2a94889d3 info: TableStorageContextMiddleware: RequestMethod=POST RequestURL=http://127.0.0.1/devstoreaccount1/Project RequestHeaders:{"content-type":"application/json;odata=nometadata","accept":"application/json;odata=minimalmetadata","x-ms-version":"2019-02-02","dataserviceversion":"3.0","prefer":"return-no-content","accept-encoding":"gzip,deflate","user-agent":"azsdk-js-data-tables/13.1.2 core-rest-pipeline/1.22.2 Node/22.18.0 (Darwin 24.6.0; arm64)","x-ms-client-request-id":"ecbe5e1e-be0a-4388-b825-616140c865cd","x-ms-date":"Thu, 27 Nov 2025 22:16:00 GMT","content-length":"472","authorization":"SharedKeyLite devstoreaccount1:KTMd2LyU93h1LzCYag8Hy22Fc/CXHqlaQYmtcKqXpLY=","host":"127.0.0.1:10002","connection":"keep-alive"} ClientIP=127.0.0.1 Protocol=http HTTPVersion=1.1
2025-11-27T22:16:00.043Z e5768f53-f0d2-48bc-ac78-68c2a94889d3 debug: tableStorageContextMiddleware: Dispatch pattern string: /Project
2025-11-27T22:16:00.043Z e5768f53-f0d2-48bc-ac78-68c2a94889d3 info: tableStorageContextMiddleware: Account=devstoreaccount1 tableName=Project
2025-11-27T22:16:00.044Z e5768f53-f0d2-48bc-ac78-68c2a94889d3 verbose: DispatchMiddleware: Dispatching request...
2025-11-27T22:16:00.044Z e5768f53-f0d2-48bc-ac78-68c2a94889d3 info: DispatchMiddleware: Operation=Table_InsertEntity
2025-11-27T22:16:00.044Z e5768f53-f0d2-48bc-ac78-68c2a94889d3 verbose: AuthenticationMiddlewareFactory:createAuthenticationMiddleware() Validating authentications.
2025-11-27T22:16:00.044Z e5768f53-f0d2-48bc-ac78-68c2a94889d3 info: TableSharedKeyLiteAuthenticator:validate() Start validation against account shared key authentication.
2025-11-27T22:16:00.044Z e5768f53-f0d2-48bc-ac78-68c2a94889d3 info: TableSharedKeyLiteAuthenticator:validate() [STRING TO SIGN]:"Thu, 27 Nov 2025 22:16:00 GMT\n/devstoreaccount1/devstoreaccount1/Project"
2025-11-27T22:16:00.044Z e5768f53-f0d2-48bc-ac78-68c2a94889d3 info: TableSharedKeyLiteAuthenticator:validate() Calculated authentication header based on key1: SharedKeyLite devstoreaccount1:KTMd2LyU93h1LzCYag8Hy22Fc/CXHqlaQYmtcKqXpLY=
2025-11-27T22:16:00.044Z e5768f53-f0d2-48bc-ac78-68c2a94889d3 info: TableSharedKeyLiteAuthenticator:validate() Signature 1 matched.
2025-11-27T22:16:00.044Z e5768f53-f0d2-48bc-ac78-68c2a94889d3 verbose: DeserializerMiddleware: Start deserializing...
2025-11-27T22:16:00.044Z e5768f53-f0d2-48bc-ac78-68c2a94889d3 debug: deserialize(): Raw request body string is (removed all empty characters) {"PartitionKey":"Project","RowKey":"10","id":"10","name":"FinancialdatapluginforMicrosoftCopilot","description":"ExtendWoodgrove'sfinancialanalyticsplatformtointegratewithMicrosoftCopilot","clientName":"WoodgroveBank","clientContact":"BiGao","clientEmail":"bigao@woodgrovebank.com","location":"{\"street\":\"1MicrosoftWay\",\"city\":\"Redmond\",\"state\":\"WA\",\"country\":\"USA\",\"postalCode\":\"98052\",\"latitude\":47.6396,\"longitude\":-122.1295}"}
2025-11-27T22:16:00.044Z e5768f53-f0d2-48bc-ac78-68c2a94889d3 info: HandlerMiddleware: DeserializedParameters={"options":{"queryOptions":{},"requestId":"ecbe5e1e-be0a-4388-b825-616140c865cd","dataServiceVersion":"3.0","responsePreference":"return-no-content","tableEntityProperties":{"PartitionKey":"Project","RowKey":"10","id":"10","name":"Financial data plugin for Microsoft Copilot","description":"Extend Woodgrove's financial analytics platform to integrate with Microsoft Copilot","clientName":"Woodgrove Bank","clientContact":"Bi Gao","clientEmail":"bigao@woodgrovebank.com","location":"{\"street\":\"1 Microsoft Way\",\"city\":\"Redmond\",\"state\":\"WA\",\"country\":\"USA\",\"postalCode\":\"98052\",\"latitude\":47.6396,\"longitude\":-122.1295}"}},"version":"2019-02-02","body":"ReadableStream"}
2025-11-27T22:16:00.044Z e5768f53-f0d2-48bc-ac78-68c2a94889d3 verbose: SerializerMiddleware: Start serializing...
2025-11-27T22:16:00.044Z e5768f53-f0d2-48bc-ac78-68c2a94889d3 verbose: Send Table telemetry: T_Table_InsertEntity
2025-11-27T22:16:00.044Z e5768f53-f0d2-48bc-ac78-68c2a94889d3 info: EndMiddleware: End response. TotalTimeInMS=1 StatusCode=204 StatusMessage=undefined Headers={"server":"Azurite-Table/3.35.0","content-type":"application/json;odata=minimalmetadata","x-ms-client-request-id":"ecbe5e1e-be0a-4388-b825-616140c865cd","x-ms-request-id":"e5768f53-f0d2-48bc-ac78-68c2a94889d3","x-ms-version":"2025-11-05","date":"Thu, 27 Nov 2025 22:16:00 GMT","etag":"W/\"datetime'2025-11-27T22%3A16%3A00.0431409Z'\"","preference-applied":"return-no-content"}
2025-11-27T22:16:22.274Z 	 info: AccountDataStore:init() Refresh accounts from environment variable AZURITE_ACCOUNTS with value undefined
2025-11-27T22:16:22.274Z 	 info: AccountDataStore:init() Fallback to default emulator account devstoreaccount1.
2025-11-27T22:16:22.285Z 	 info: AccountDataStore:init() Refresh accounts from environment variable AZURITE_ACCOUNTS with value undefined
2025-11-27T22:16:22.285Z 	 info: AccountDataStore:init() Fallback to default emulator account devstoreaccount1.
2025-11-27T22:16:22.285Z 	 info: QueueGCManager:markSweepLoop() Start new mark and sweep.
2025-11-27T22:16:22.285Z 	 info: QueueGCManger:markSweep() Get all extents.
2025-11-27T22:16:22.285Z 	 info: QueueGCManager:marksweep() Get 0 extents.
2025-11-27T22:16:22.285Z 	 info: QueueGCManager:markSweep() Get referred extents, then remove from allExtents.
2025-11-27T22:16:22.285Z 	 info: QueueGCManager:markSweep() Got referred extents, unreferenced extents count is 0.
2025-11-27T22:16:22.285Z 	 info: QueueGCManager:markSweepLoop() Mark and sweep finished, take 0ms.
2025-11-27T22:16:22.285Z 	 info: QueueGCManager:markSweepLoop() Sleep for 60000
2025-11-27T22:16:22.285Z 	 info: AccountDataStore:init() Refresh accounts from environment variable AZURITE_ACCOUNTS with value undefined
2025-11-27T22:16:22.285Z 	 info: AccountDataStore:init() Fallback to default emulator account devstoreaccount1.
2025-11-27T22:16:29.260Z c24299ea-fdfc-49a9-9601-d84caec532cb info: TableStorageContextMiddleware: RequestMethod=GET RequestURL=http://127.0.0.1/devstoreaccount1/Consultant() RequestHeaders:{"accept":"application/json;odata=minimalmetadata","x-ms-version":"2019-02-02","dataserviceversion":"3.0","accept-encoding":"gzip,deflate","user-agent":"azsdk-js-data-tables/13.1.2 core-rest-pipeline/1.22.2 Node/22.18.0 (Darwin 24.6.0; arm64)","x-ms-client-request-id":"5083b316-735b-4147-8722-65b2db57172f","x-ms-date":"Thu, 27 Nov 2025 22:16:29 GMT","authorization":"SharedKeyLite devstoreaccount1:HAd3k9RsoA2ZlRI3ZSHetN9MBVxWLw/spUYfSmujR74=","host":"127.0.0.1:10002","connection":"keep-alive"} ClientIP=127.0.0.1 Protocol=http HTTPVersion=1.1
2025-11-27T22:16:29.260Z c24299ea-fdfc-49a9-9601-d84caec532cb debug: tableStorageContextMiddleware: Dispatch pattern string: /Consultant()
2025-11-27T22:16:29.260Z c24299ea-fdfc-49a9-9601-d84caec532cb info: tableStorageContextMiddleware: Account=devstoreaccount1 tableName=Consultant
2025-11-27T22:16:29.260Z c24299ea-fdfc-49a9-9601-d84caec532cb verbose: DispatchMiddleware: Dispatching request...
2025-11-27T22:16:29.260Z c24299ea-fdfc-49a9-9601-d84caec532cb info: DispatchMiddleware: Operation=Table_QueryEntities
2025-11-27T22:16:29.260Z c24299ea-fdfc-49a9-9601-d84caec532cb verbose: AuthenticationMiddlewareFactory:createAuthenticationMiddleware() Validating authentications.
2025-11-27T22:16:29.260Z c24299ea-fdfc-49a9-9601-d84caec532cb info: TableSharedKeyLiteAuthenticator:validate() Start validation against account shared key authentication.
2025-11-27T22:16:29.260Z c24299ea-fdfc-49a9-9601-d84caec532cb info: TableSharedKeyLiteAuthenticator:validate() [STRING TO SIGN]:"Thu, 27 Nov 2025 22:16:29 GMT\n/devstoreaccount1/devstoreaccount1/Consultant()"
2025-11-27T22:16:29.260Z c24299ea-fdfc-49a9-9601-d84caec532cb info: TableSharedKeyLiteAuthenticator:validate() Calculated authentication header based on key1: SharedKeyLite devstoreaccount1:HAd3k9RsoA2ZlRI3ZSHetN9MBVxWLw/spUYfSmujR74=
2025-11-27T22:16:29.260Z c24299ea-fdfc-49a9-9601-d84caec532cb info: TableSharedKeyLiteAuthenticator:validate() Signature 1 matched.
2025-11-27T22:16:29.260Z c24299ea-fdfc-49a9-9601-d84caec532cb verbose: DeserializerMiddleware: Start deserializing...
2025-11-27T22:16:29.260Z c24299ea-fdfc-49a9-9601-d84caec532cb info: HandlerMiddleware: DeserializedParameters={"options":{"queryOptions":{},"requestId":"5083b316-735b-4147-8722-65b2db57172f","dataServiceVersion":"3.0"},"version":"2019-02-02"}
2025-11-27T22:16:29.261Z c24299ea-fdfc-49a9-9601-d84caec532cb debug: TableHandler:queryEntities() Raw response string is "{\"odata.metadata\":\"http://127.0.0.1:10002/devstoreaccount1/$metadata#Tables/@Element\",\"value\":[{\"odata.etag\":\"W/\\\"datetime'2025-11-27T22%3A16%3A00.0301278Z'\\\"\",\"PartitionKey\":\"Consultant\",\"RowKey\":\"1\",\"id\":\"1\",\"name\":\"Avery Howard\",\"email\":\"avery@treyresearch.com\",\"phone\":\"1-555-456-7890\",\"consultantPhotoUrl\":\"https://bobgerman.github.io/fictitiousAiGenerated/Avery.jpg\",\"location\":\"{\\\"street\\\":\\\"5 Wayside Rd.\\\",\\\"city\\\":\\\"Burlington\\\",\\\"state\\\":\\\"MA\\\",\\\"country\\\":\\\"USA\\\",\\\"postalCode\\\":\\\"01803\\\",\\\"latitude\\\":42.5048,\\\"longitude\\\":-71.1956}\",\"skills\":\"[\\\"C#\\\",\\\"JavaScript\\\",\\\"TypeScript\\\",\\\"React\\\",\\\"Node.js\\\"]\",\"certifications\":\"[\\\"MCSADA\\\",\\\"Azure Developer Associate\\\",\\\"MCAAF\\\",\\\"Azure AI Fundamentals\\\"]\",\"roles\":\"[\\\"Project lead\\\",\\\"Developer\\\",\\\"Architect\\\",\\\"DevOps\\\"]\",\"Timestamp\":\"2025-11-27T22:16:00.0301278Z\"},{\"odata.etag\":\"W/\\\"datetime'2025-11-27T22%3A16%3A00.0331304Z'\\\"\",\"PartitionKey\":\"Consultant\",\"RowKey\":\"2\",\"id\":\"2\",\"name\":\"Dominique Dutertre\",\"email\":\"dominique@treyresearch.com\",\"phone\":\"1-555-567-7890\",\"consultantPhotoUrl\":\"https://bobgerman.github.io/fictitiousAiGenerated/Dominique.jpg\",\"location\":\"{\\\"street\\\":\\\"39 Quai du Président Roosevelt, Issy-les-Moulineaux\\\",\\\"city\\\":\\\"Paris\\\",\\\"state\\\":\\\"Île-de-France\\\",\\\"country\\\":\\\"France\\\",\\\"postalCode\\\":\\\"IdF 92130\\\",\\\"latitude\\\":48.8264,\\\"longitude\\\":2.2675}\",\"skills\":\"[\\\"Figma\\\",\\\"Adobe Creative Swuite\\\",\\\"Visual design\\\"]\",\"certifications\":\"[]\",\"roles\":\"[\\\"Designer\\\",\\\"Project lead\\\"]\",\"Timestamp\":\"2025-11-27T22:16:00.0331304Z\"},{\"odata.etag\":\"W/\\\"datetime'2025-11-27T22%3A16%3A00.0351324Z'\\\"\",\"PartitionKey\":\"Consultant\",\"RowKey\":\"3\",\"id\":\"3\",\"name\":\"Robin Zupanc\",\"email\":\"robin@treyresearch.com\",\"phone\":\"1-555-344-7890\",\"consultantPhotoUrl\":\"https://bobgerman.github.io/fictitiousAiGenerated/Robin.jpg\",\"location\":\"{\\\"street\\\":\\\"11 Times Square\\\",\\\"city\\\":\\\"New York\\\",\\\"state\\\":\\\"NY\\\",\\\"country\\\":\\\"USA\\\",\\\"postalCode\\\":\\\"10036\\\",\\\"latitude\\\":40.758,\\\"longitude\\\":-73.9855}\",\"skills\":\"[\\\"Python\\\",\\\"Java\\\"]\",\"certifications\":\"[\\\"MCSADA\\\",\\\"Azure Developer Associate\\\",\\\"MCAAF\\\",\\\"Azure AI Fundamentals\\\",\\\"AWS Certified Developer\\\",\\\"Google Professional Cloud Developer\\\"]\",\"roles\":\"[\\\"Project lead\\\",\\\"Developer\\\",\\\"Architect, DevOps\\\"]\",\"Timestamp\":\"2025-11-27T22:16:00.0351324Z\"},{\"odata.etag\":\"W/\\\"datetime'2025-11-27T22%3A16%3A00.0381354Z'\\\"\",\"PartitionKey\":\"Consultant\",\"RowKey\":\"4\",\"id\":\"4\",\"name\":\"Sanjay Puranik\",\"email\":\"sanjay@treyresearch.com\",\"phone\":\"1-555-562-7890\",\"consultantPhotoUrl\":\"https://bobgerman.github.io/fictitiousAiGenerated/Sanjay.jpg\",\"location\":\"{\\\"street\\\":\\\"2 Kingdom St.\\\",\\\"city\\\":\\\"Paddington, London\\\",\\\"state\\\":\\\"EN\\\",\\\"country\\\":\\\"GBR\\\",\\\"postalCode\\\":\\\"W2 6BD\\\",\\\"latitude\\\":51.5194,\\\"longitude\\\":-0.1781}\",\"skills\":\"[\\\"TypeScript\\\",\\\"JavaScript\\\",\\\"Angular\\\",\\\"React\\\",\\\"Node.js\\\"]\",\"certifications\":\"[\\\"MCPPSAE\\\",\\\"Power Platform Solution Architect Expert\\\",\\\"MCAF\\\",\\\"Azure Fundamentals\\\"]\",\"roles\":\"[\\\"Project lead\\\",\\\"Developer\\\"]\",\"Timestamp\":\"2025-11-27T22:16:00.0381354Z\"},{\"odata.etag\":\"W/\\\"datetime'2025-11-27T22%3A16%3A00.0401373Z'\\\"\",\"PartitionKey\":\"Consultant\",\"RowKey\":\"5\",\"id\":\"5\",\"name\":\"Lois Wyn\",\"email\":\"lois@treyresearch.com\",\"phone\":\"1-555-664-7890\",\"consultantPhotoUrl\":\"https://bobgerman.github.io/fictitiousAiGenerated/Lois.jpg\",\"location\":\"{\\\"street\\\":\\\"4220 Duncan Ave., Suite 501\\\",\\\"city\\\":\\\"St. Louis\\\",\\\"state\\\":\\\"MO\\\",\\\"country\\\":\\\"USA\\\",\\\"postalCode\\\":\\\"63110\\\",\\\"latitude\\\":38.6283,\\\"longitude\\\":-90.2545}\",\"skills\":\"[\\\"Project management\\\",\\\"Agile\\\"]\",\"certifications\":\"[\\\"Project Management Professional\\\",\\\"PMP\\\",\\\"Agile Leader\\\"]\",\"roles\":\"[\\\"Project lead\\\"]\",\"Timestamp\":\"2025-11-27T22:16:00.0401373Z\"}]}"
2025-11-27T22:16:29.261Z c24299ea-fdfc-49a9-9601-d84caec532cb verbose: SerializerMiddleware: Start serializing...
2025-11-27T22:16:29.261Z c24299ea-fdfc-49a9-9601-d84caec532cb info: Serializer: Start returning stream body.
2025-11-27T22:16:29.261Z c24299ea-fdfc-49a9-9601-d84caec532cb verbose: Send Table telemetry: T_Table_QueryEntities
2025-11-27T22:16:29.261Z c24299ea-fdfc-49a9-9601-d84caec532cb info: EndMiddleware: End response. TotalTimeInMS=1 StatusCode=200 StatusMessage=OK Headers={"server":"Azurite-Table/3.35.0","content-type":"application/json;odata=minimalmetadata","x-ms-client-request-id":"5083b316-735b-4147-8722-65b2db57172f","x-ms-request-id":"c24299ea-fdfc-49a9-9601-d84caec532cb","x-ms-version":"2025-11-05","date":"Thu, 27 Nov 2025 22:16:29 GMT"}
2025-11-27T22:16:29.265Z 27b6c33b-2a22-4fe8-b694-0ebff27f8dec info: TableStorageContextMiddleware: RequestMethod=GET RequestURL=http://127.0.0.1/devstoreaccount1/Assignment() RequestHeaders:{"accept":"application/json;odata=minimalmetadata","x-ms-version":"2019-02-02","dataserviceversion":"3.0","accept-encoding":"gzip,deflate","user-agent":"azsdk-js-data-tables/13.1.2 core-rest-pipeline/1.22.2 Node/22.18.0 (Darwin 24.6.0; arm64)","x-ms-client-request-id":"2032f97a-a282-48d9-bb1c-224bb9d61fd9","x-ms-date":"Thu, 27 Nov 2025 22:16:29 GMT","authorization":"SharedKeyLite devstoreaccount1:pojeuVjJfSt9RaORqEtmFJMFWBPD+/NWWEZ9p+9ezVE=","host":"127.0.0.1:10002","connection":"keep-alive"} ClientIP=127.0.0.1 Protocol=http HTTPVersion=1.1
2025-11-27T22:16:29.265Z 27b6c33b-2a22-4fe8-b694-0ebff27f8dec debug: tableStorageContextMiddleware: Dispatch pattern string: /Assignment()
2025-11-27T22:16:29.265Z 27b6c33b-2a22-4fe8-b694-0ebff27f8dec info: tableStorageContextMiddleware: Account=devstoreaccount1 tableName=Assignment
2025-11-27T22:16:29.265Z 27b6c33b-2a22-4fe8-b694-0ebff27f8dec verbose: DispatchMiddleware: Dispatching request...
2025-11-27T22:16:29.265Z 27b6c33b-2a22-4fe8-b694-0ebff27f8dec info: DispatchMiddleware: Operation=Table_QueryEntities
2025-11-27T22:16:29.265Z 27b6c33b-2a22-4fe8-b694-0ebff27f8dec verbose: AuthenticationMiddlewareFactory:createAuthenticationMiddleware() Validating authentications.
2025-11-27T22:16:29.265Z 27b6c33b-2a22-4fe8-b694-0ebff27f8dec info: TableSharedKeyLiteAuthenticator:validate() Start validation against account shared key authentication.
2025-11-27T22:16:29.265Z 27b6c33b-2a22-4fe8-b694-0ebff27f8dec info: TableSharedKeyLiteAuthenticator:validate() [STRING TO SIGN]:"Thu, 27 Nov 2025 22:16:29 GMT\n/devstoreaccount1/devstoreaccount1/Assignment()"
2025-11-27T22:16:29.265Z 27b6c33b-2a22-4fe8-b694-0ebff27f8dec info: TableSharedKeyLiteAuthenticator:validate() Calculated authentication header based on key1: SharedKeyLite devstoreaccount1:pojeuVjJfSt9RaORqEtmFJMFWBPD+/NWWEZ9p+9ezVE=
2025-11-27T22:16:29.265Z 27b6c33b-2a22-4fe8-b694-0ebff27f8dec info: TableSharedKeyLiteAuthenticator:validate() Signature 1 matched.
2025-11-27T22:16:29.265Z 27b6c33b-2a22-4fe8-b694-0ebff27f8dec verbose: DeserializerMiddleware: Start deserializing...
2025-11-27T22:16:29.265Z 27b6c33b-2a22-4fe8-b694-0ebff27f8dec info: HandlerMiddleware: DeserializedParameters={"options":{"queryOptions":{},"requestId":"2032f97a-a282-48d9-bb1c-224bb9d61fd9","dataServiceVersion":"3.0"},"version":"2019-02-02"}
2025-11-27T22:16:29.265Z 27b6c33b-2a22-4fe8-b694-0ebff27f8dec debug: TableHandler:queryEntities() Raw response string is "{\"odata.metadata\":\"http://127.0.0.1:10002/devstoreaccount1/$metadata#Tables/@Element\",\"value\":[{\"odata.etag\":\"W/\\\"datetime'2025-11-27T22%3A16%3A00.0321291Z'\\\"\",\"PartitionKey\":\"Assignment\",\"RowKey\":\"10,1\",\"id\":\"10,1\",\"projectId\":\"10\",\"consultantId\":\"1\",\"role\":\"Architect\",\"billable\":true,\"rate\":100,\"forecast\":\"[{\\\"month\\\":3,\\\"year\\\":2024,\\\"hours\\\":23},{\\\"month\\\":4,\\\"year\\\":2024,\\\"hours\\\":80},{\\\"month\\\":5,\\\"year\\\":2024,\\\"hours\\\":100},{\\\"month\\\":6,\\\"year\\\":2024,\\\"hours\\\":1},{\\\"month\\\":7,\\\"year\\\":2024,\\\"hours\\\":120},{\\\"month\\\":8,\\\"year\\\":2024,\\\"hours\\\":120},{\\\"month\\\":9,\\\"year\\\":2024,\\\"hours\\\":120},{\\\"month\\\":10,\\\"year\\\":2024,\\\"hours\\\":120}]\",\"delivered\":\"[]\",\"Timestamp\":\"2025-11-27T22:16:00.0321291Z\"},{\"odata.etag\":\"W/\\\"datetime'2025-11-27T22%3A16%3A00.0341310Z'\\\"\",\"PartitionKey\":\"Assignment\",\"RowKey\":\"10,2\",\"id\":\"10,2\",\"projectId\":\"10\",\"consultantId\":\"2\",\"role\":\"Designer\",\"billable\":true,\"rate\":100,\"forecast\":\"[{\\\"month\\\":3,\\\"year\\\":2024,\\\"hours\\\":100},{\\\"month\\\":4,\\\"year\\\":2024,\\\"hours\\\":20},{\\\"month\\\":5,\\\"year\\\":2024,\\\"hours\\\":20},{\\\"month\\\":6,\\\"year\\\":2024,\\\"hours\\\":20},{\\\"month\\\":7,\\\"year\\\":2024,\\\"hours\\\":20},{\\\"month\\\":8,\\\"year\\\":2024,\\\"hours\\\":10},{\\\"month\\\":9,\\\"year\\\":2024,\\\"hours\\\":10},{\\\"month\\\":10,\\\"year\\\":2024,\\\"hours\\\":10}]\",\"delivered\":\"[]\",\"Timestamp\":\"2025-11-27T22:16:00.0341310Z\"},{\"odata.etag\":\"W/\\\"datetime'2025-11-27T22%3A16%3A00.0371341Z'\\\"\",\"PartitionKey\":\"Assignment\",\"RowKey\":\"4,1\",\"id\":\"4,1\",\"projectId\":\"4\",\"consultantId\":\"1\",\"role\":\"Developer\",\"billable\":true,\"rate\":100,\"forecast\":\"[{\\\"month\\\":3,\\\"year\\\":2024,\\\"hours\\\":40},{\\\"month\\\":4,\\\"year\\\":2024,\\\"hours\\\":40},{\\\"month\\\":5,\\\"year\\\":2024,\\\"hours\\\":40},{\\\"month\\\":6,\\\"year\\\":2024,\\\"hours\\\":40},{\\\"month\\\":7,\\\"year\\\":2024,\\\"hours\\\":40},{\\\"month\\\":8,\\\"year\\\":2024,\\\"hours\\\":40},{\\\"month\\\":9,\\\"year\\\":2024,\\\"hours\\\":40},{\\\"month\\\":10,\\\"year\\\":2024,\\\"hours\\\":40}]\",\"delivered\":\"[]\",\"Timestamp\":\"2025-11-27T22:16:00.0371341Z\"}]}"
2025-11-27T22:16:29.265Z 27b6c33b-2a22-4fe8-b694-0ebff27f8dec verbose: SerializerMiddleware: Start serializing...
2025-11-27T22:16:29.265Z 27b6c33b-2a22-4fe8-b694-0ebff27f8dec info: Serializer: Start returning stream body.
2025-11-27T22:16:29.265Z 27b6c33b-2a22-4fe8-b694-0ebff27f8dec verbose: Send Table telemetry: T_Table_QueryEntities
2025-11-27T22:16:29.266Z 27b6c33b-2a22-4fe8-b694-0ebff27f8dec info: EndMiddleware: End response. TotalTimeInMS=0 StatusCode=200 StatusMessage=OK Headers={"server":"Azurite-Table/3.35.0","content-type":"application/json;odata=minimalmetadata","x-ms-client-request-id":"2032f97a-a282-48d9-bb1c-224bb9d61fd9","x-ms-request-id":"27b6c33b-2a22-4fe8-b694-0ebff27f8dec","x-ms-version":"2025-11-05","date":"Thu, 27 Nov 2025 22:16:29 GMT"}
2025-11-27T22:16:29.267Z 8e7e9688-e889-46e7-97ca-ec0517ea50ff info: TableStorageContextMiddleware: RequestMethod=GET RequestURL=http://127.0.0.1/devstoreaccount1/Project() RequestHeaders:{"accept":"application/json;odata=minimalmetadata","x-ms-version":"2019-02-02","dataserviceversion":"3.0","accept-encoding":"gzip,deflate","user-agent":"azsdk-js-data-tables/13.1.2 core-rest-pipeline/1.22.2 Node/22.18.0 (Darwin 24.6.0; arm64)","x-ms-client-request-id":"76ff7b37-e268-47f2-bcad-b567ade9c627","x-ms-date":"Thu, 27 Nov 2025 22:16:29 GMT","authorization":"SharedKeyLite devstoreaccount1:7/86K0mb0iTBBzQZ0h3ZSIilZhAvgGV6MtEfB2vsXuY=","host":"127.0.0.1:10002","connection":"keep-alive"} ClientIP=127.0.0.1 Protocol=http HTTPVersion=1.1
2025-11-27T22:16:29.267Z 8e7e9688-e889-46e7-97ca-ec0517ea50ff debug: tableStorageContextMiddleware: Dispatch pattern string: /Project()
2025-11-27T22:16:29.267Z 8e7e9688-e889-46e7-97ca-ec0517ea50ff info: tableStorageContextMiddleware: Account=devstoreaccount1 tableName=Project
2025-11-27T22:16:29.267Z 8e7e9688-e889-46e7-97ca-ec0517ea50ff verbose: DispatchMiddleware: Dispatching request...
2025-11-27T22:16:29.267Z 8e7e9688-e889-46e7-97ca-ec0517ea50ff info: DispatchMiddleware: Operation=Table_QueryEntities
2025-11-27T22:16:29.267Z 8e7e9688-e889-46e7-97ca-ec0517ea50ff verbose: AuthenticationMiddlewareFactory:createAuthenticationMiddleware() Validating authentications.
2025-11-27T22:16:29.267Z 8e7e9688-e889-46e7-97ca-ec0517ea50ff info: TableSharedKeyLiteAuthenticator:validate() Start validation against account shared key authentication.
2025-11-27T22:16:29.267Z 8e7e9688-e889-46e7-97ca-ec0517ea50ff info: TableSharedKeyLiteAuthenticator:validate() [STRING TO SIGN]:"Thu, 27 Nov 2025 22:16:29 GMT\n/devstoreaccount1/devstoreaccount1/Project()"
2025-11-27T22:16:29.267Z 8e7e9688-e889-46e7-97ca-ec0517ea50ff info: TableSharedKeyLiteAuthenticator:validate() Calculated authentication header based on key1: SharedKeyLite devstoreaccount1:7/86K0mb0iTBBzQZ0h3ZSIilZhAvgGV6MtEfB2vsXuY=
2025-11-27T22:16:29.267Z 8e7e9688-e889-46e7-97ca-ec0517ea50ff info: TableSharedKeyLiteAuthenticator:validate() Signature 1 matched.
2025-11-27T22:16:29.267Z 8e7e9688-e889-46e7-97ca-ec0517ea50ff verbose: DeserializerMiddleware: Start deserializing...
2025-11-27T22:16:29.267Z 8e7e9688-e889-46e7-97ca-ec0517ea50ff info: HandlerMiddleware: DeserializedParameters={"options":{"queryOptions":{},"requestId":"76ff7b37-e268-47f2-bcad-b567ade9c627","dataServiceVersion":"3.0"},"version":"2019-02-02"}
2025-11-27T22:16:29.268Z 8e7e9688-e889-46e7-97ca-ec0517ea50ff debug: TableHandler:queryEntities() Raw response string is "{\"odata.metadata\":\"http://127.0.0.1:10002/devstoreaccount1/$metadata#Tables/@Element\",\"value\":[{\"odata.etag\":\"W/\\\"datetime'2025-11-27T22%3A16%3A00.0281264Z'\\\"\",\"PartitionKey\":\"Project\",\"RowKey\":\"1\",\"id\":\"1\",\"name\":\"CRM Cloud Migration\",\"description\":\"Migrate Adatum's CRM system to Dynamics 365\",\"clientName\":\"Adatum Corporation\",\"clientContact\":\"Natasha Jones\",\"clientEmail\":\"natjones@adatum.com\",\"location\":\"{\\\"street\\\":\\\"700 Bellevue Way NE - 22nd Floor\\\",\\\"city\\\":\\\"Bellevue\\\",\\\"state\\\":\\\"WA\\\",\\\"country\\\":\\\"USA\\\",\\\"postalCode\\\":\\\"98004\\\",\\\"latitude\\\":47.617068,\\\"longitude\\\":-122.200898}\",\"Timestamp\":\"2025-11-27T22:16:00.0281264Z\"},{\"odata.etag\":\"W/\\\"datetime'2025-11-27T22%3A16%3A00.0431409Z'\\\"\",\"PartitionKey\":\"Project\",\"RowKey\":\"10\",\"id\":\"10\",\"name\":\"Financial data plugin for Microsoft Copilot\",\"description\":\"Extend Woodgrove's financial analytics platform to integrate with Microsoft Copilot\",\"clientName\":\"Woodgrove Bank\",\"clientContact\":\"Bi Gao\",\"clientEmail\":\"bigao@woodgrovebank.com\",\"location\":\"{\\\"street\\\":\\\"1 Microsoft Way\\\",\\\"city\\\":\\\"Redmond\\\",\\\"state\\\":\\\"WA\\\",\\\"country\\\":\\\"USA\\\",\\\"postalCode\\\":\\\"98052\\\",\\\"latitude\\\":47.6396,\\\"longitude\\\":-122.1295}\",\"Timestamp\":\"2025-11-27T22:16:00.0431409Z\"},{\"odata.etag\":\"W/\\\"datetime'2025-11-27T22%3A16%3A00.0321298Z'\\\"\",\"PartitionKey\":\"Project\",\"RowKey\":\"2\",\"id\":\"2\",\"name\":\"Supply Chain Optimization\",\"description\":\"Develop supply chain automation solution in Azure\",\"clientName\":\"Alpine Ski House\",\"clientContact\":\"Felix Henderson\",\"clientEmail\":\"fhenderson@alpineskihouse.com\",\"location\":\"{\\\"street\\\":\\\"3601 West 76th Street, Suite 600\\\",\\\"city\\\":\\\"Edina\\\",\\\"state\\\":\\\"MN\\\",\\\"country\\\":\\\"USA\\\",\\\"postalCode\\\":\\\"55435\\\",\\\"latitude\\\":44.877582,\\\"longitude\\\":-93.328504}\",\"Timestamp\":\"2025-11-27T22:16:00.0321298Z\"},{\"odata.etag\":\"W/\\\"datetime'2025-11-27T22%3A16%3A00.0341315Z'\\\"\",\"PartitionKey\":\"Project\",\"RowKey\":\"3\",\"id\":\"3\",\"name\":\"Network security review\",\"description\":\"Review campus network security and develop a plan to mitigate vulnerabilities\",\"clientName\":\"Bellows College\",\"clientContact\":\"Jordan Mitchell\",\"clientEmail\":\"jordanm@bellowscollege\",\"location\":\"{\\\"street\\\":\\\"1 Memorial Dr.\\\",\\\"city\\\":\\\"Cambridge\\\",\\\"state\\\":\\\"MA\\\",\\\"country\\\":\\\"USA\\\",\\\"postalCode\\\":\\\"02142\\\",\\\"latitude\\\":42.3626,\\\"longitude\\\":-71.0843}\",\"Timestamp\":\"2025-11-27T22:16:00.0341315Z\"},{\"odata.etag\":\"W/\\\"datetime'2025-11-27T22%3A16%3A00.0361333Z'\\\"\",\"PartitionKey\":\"Project\",\"RowKey\":\"4\",\"id\":\"4\",\"name\":\"Copilot Development and Training\",\"description\":\"Extend LOB applications to integrate with Microsoft Copilot and train key personnel on its use\",\"clientName\":\"Consolidated Messenger\",\"clientContact\":\"Camelia Banica\",\"clientEmail\":\"cambanica@consolidatedmessenger.com\",\"location\":\"{\\\"street\\\":\\\"Regeringsgatan 25\\\",\\\"city\\\":\\\"Stockholm\\\",\\\"state\\\":\\\"Södermanland\\\",\\\"country\\\":\\\"SWE\\\",\\\"postalCode\\\":\\\"111 53 Stockholm\\\",\\\"latitude\\\":59.3293,\\\"longitude\\\":18.0686}\",\"Timestamp\":\"2025-11-27T22:16:00.0361333Z\"},{\"odata.etag\":\"W/\\\"datetime'2025-11-27T22%3A16%3A00.0371348Z'\\\"\",\"PartitionKey\":\"Project\",\"RowKey\":\"5\",\"id\":\"5\",\"name\":\"Project Alpha Clinical Trial Inspection Reporting\",\"description\":\"Review and report on results from Project Alpha 2nd phase clinical trials\",\"clientName\":\"Contoso Pharmaceuticals\",\"clientContact\":\"Kiana Anderson\",\"clientEmail\":\"kianaa@contoso.com\",\"location\":\"{\\\"street\\\":\\\"1 Campus Martius\\\",\\\"city\\\":\\\"Detroit\\\",\\\"state\\\":\\\"MI\\\",\\\"country\\\":\\\"USA\\\",\\\"postalCode\\\":\\\"48226\\\",\\\"latitude\\\":42.3314,\\\"longitude\\\":-83.0458}\",\"Timestamp\":\"2025-11-27T22:16:00.0371348Z\"},{\"odata.etag\":\"W/\\\"datetime'2025-11-27T22%3A16%3A00.0391365Z'\\\"\",\"PartitionKey\":\"Project\",\"RowKey\":\"6\",\"id\":\"6\",\"name\":\"Cybersecurity Awareness Program\",\"description\":\"Develop and deliver a cybersecurity awareness program for Humongous Insurance employees\",\"clientName\":\"Humongous Insurance\",\"clientContact\":\"Parker McLean\",\"clientEmail\":\"parkerm@humongousinsurance.com\",\"location\":\"{\\\"street\\\":\\\"280 Trumbull Street, 21st floor\\\",\\\"city\\\":\\\"Hartford\\\",\\\"state\\\":\\\"CT\\\",\\\"country\\\":\\\"USA\\\",\\\"postalCode\\\":\\\"06103\\\",\\\"latitude\\\":41.7658,\\\"longitude\\\":-72.6734}\",\"Timestamp\":\"2025-11-27T22:16:00.0391365Z\"},{\"odata.etag\":\"W/\\\"datetime'2025-11-27T22%3A16%3A00.0401377Z'\\\"\",\"PartitionKey\":\"Project\",\"RowKey\":\"7\",\"id\":\"7\",\"name\":\"Patient data retention SOP analysis and update\",\"description\":\"Review existing standard operating procedures for patient data retention and update as necessary\",\"clientName\":\"Lamna Healthcare Company\",\"clientContact\":\"Nayan Mittal\",\"clientEmail\":\"nmittal@lamnahealthcare.com\",\"location\":\"{\\\"street\\\":\\\"45 Liberty Blvd.\\\",\\\"city\\\":\\\"Malvern\\\",\\\"state\\\":\\\"PA\\\",\\\"country\\\":\\\"USA\\\",\\\"postalCode\\\":\\\"19355\\\",\\\"latitude\\\":40.0412,\\\"longitude\\\":-75.5336}\",\"Timestamp\":\"2025-11-27T22:16:00.0401377Z\"},{\"odata.etag\":\"W/\\\"datetime'2025-11-27T22%3A16%3A00.0411388Z'\\\"\",\"PartitionKey\":\"Project\",\"RowKey\":\"8\",\"id\":\"8\",\"name\":\"Disaster Recovery Planning\",\"description\":\"Update risk assessment and develop a disaster recovery plan for Relecloud's datacenter operations\",\"clientName\":\"Relecloud\",\"clientContact\":\"Shakti Menon\",\"clientEmail\":\"shakti@relecloud.com\",\"location\":\"{\\\"street\\\":\\\"6/18, Bellandur Gate Rd.\\\",\\\"city\\\":\\\"Bengaluru\\\",\\\"state\\\":\\\"Karnataka\\\",\\\"country\\\":\\\"India\\\",\\\"postalCode\\\":\\\"56103\\\",\\\"latitude\\\":12.9716,\\\"longitude\\\":77.5946}\",\"Timestamp\":\"2025-11-27T22:16:00.0411388Z\"},{\"odata.etag\":\"W/\\\"datetime'2025-11-27T22%3A16%3A00.0421400Z'\\\"\",\"PartitionKey\":\"Project\",\"RowKey\":\"9\",\"id\":\"9\",\"name\":\"Video distribution platform migration\",\"description\":\"Implement a new video distribution platform in Microsoft Azure\",\"clientName\":\"Southridge Video\",\"clientContact\":\"Tomo Takahashi\",\"clientEmail\":\"tomot@southridgevideo.com\",\"location\":\"{\\\"street\\\":\\\"1 Martin Place, Level 15\\\",\\\"city\\\":\\\"Sydney\\\",\\\"state\\\":\\\"New South Wales\\\",\\\"country\\\":\\\"Australia\\\",\\\"postalCode\\\":\\\"NSW 2000\\\",\\\"latitude\\\":-33.8679,\\\"longitude\\\":151.2073}\",\"Timestamp\":\"2025-11-27T22:16:00.0421400Z\"}]}"
2025-11-27T22:16:29.268Z 8e7e9688-e889-46e7-97ca-ec0517ea50ff verbose: SerializerMiddleware: Start serializing...
2025-11-27T22:16:29.268Z 8e7e9688-e889-46e7-97ca-ec0517ea50ff info: Serializer: Start returning stream body.
2025-11-27T22:16:29.268Z 8e7e9688-e889-46e7-97ca-ec0517ea50ff verbose: Send Table telemetry: T_Table_QueryEntities
2025-11-27T22:16:29.268Z 8e7e9688-e889-46e7-97ca-ec0517ea50ff info: EndMiddleware: End response. TotalTimeInMS=1 StatusCode=200 StatusMessage=OK Headers={"server":"Azurite-Table/3.35.0","content-type":"application/json;odata=minimalmetadata","x-ms-client-request-id":"76ff7b37-e268-47f2-bcad-b567ade9c627","x-ms-request-id":"8e7e9688-e889-46e7-97ca-ec0517ea50ff","x-ms-version":"2025-11-05","date":"Thu, 27 Nov 2025 22:16:29 GMT"}
2025-11-27T22:16:29.270Z e5c3abcf-5a54-4948-9a0a-56a36ac4922d info: TableStorageContextMiddleware: RequestMethod=GET RequestURL=http://127.0.0.1/devstoreaccount1/Assignment() RequestHeaders:{"accept":"application/json;odata=minimalmetadata","x-ms-version":"2019-02-02","dataserviceversion":"3.0","accept-encoding":"gzip,deflate","user-agent":"azsdk-js-data-tables/13.1.2 core-rest-pipeline/1.22.2 Node/22.18.0 (Darwin 24.6.0; arm64)","x-ms-client-request-id":"af53a030-6671-4e44-9e20-b2d269741f7d","x-ms-date":"Thu, 27 Nov 2025 22:16:29 GMT","authorization":"SharedKeyLite devstoreaccount1:pojeuVjJfSt9RaORqEtmFJMFWBPD+/NWWEZ9p+9ezVE=","host":"127.0.0.1:10002","connection":"keep-alive"} ClientIP=127.0.0.1 Protocol=http HTTPVersion=1.1
2025-11-27T22:16:29.270Z e5c3abcf-5a54-4948-9a0a-56a36ac4922d debug: tableStorageContextMiddleware: Dispatch pattern string: /Assignment()
2025-11-27T22:16:29.270Z e5c3abcf-5a54-4948-9a0a-56a36ac4922d info: tableStorageContextMiddleware: Account=devstoreaccount1 tableName=Assignment
2025-11-27T22:16:29.270Z e5c3abcf-5a54-4948-9a0a-56a36ac4922d verbose: DispatchMiddleware: Dispatching request...
2025-11-27T22:16:29.270Z e5c3abcf-5a54-4948-9a0a-56a36ac4922d info: DispatchMiddleware: Operation=Table_QueryEntities
2025-11-27T22:16:29.270Z e5c3abcf-5a54-4948-9a0a-56a36ac4922d verbose: AuthenticationMiddlewareFactory:createAuthenticationMiddleware() Validating authentications.
2025-11-27T22:16:29.270Z e5c3abcf-5a54-4948-9a0a-56a36ac4922d info: TableSharedKeyLiteAuthenticator:validate() Start validation against account shared key authentication.
2025-11-27T22:16:29.270Z e5c3abcf-5a54-4948-9a0a-56a36ac4922d info: TableSharedKeyLiteAuthenticator:validate() [STRING TO SIGN]:"Thu, 27 Nov 2025 22:16:29 GMT\n/devstoreaccount1/devstoreaccount1/Assignment()"
2025-11-27T22:16:29.270Z e5c3abcf-5a54-4948-9a0a-56a36ac4922d info: TableSharedKeyLiteAuthenticator:validate() Calculated authentication header based on key1: SharedKeyLite devstoreaccount1:pojeuVjJfSt9RaORqEtmFJMFWBPD+/NWWEZ9p+9ezVE=
2025-11-27T22:16:29.270Z e5c3abcf-5a54-4948-9a0a-56a36ac4922d info: TableSharedKeyLiteAuthenticator:validate() Signature 1 matched.
2025-11-27T22:16:29.270Z e5c3abcf-5a54-4948-9a0a-56a36ac4922d verbose: DeserializerMiddleware: Start deserializing...
2025-11-27T22:16:29.270Z e5c3abcf-5a54-4948-9a0a-56a36ac4922d info: HandlerMiddleware: DeserializedParameters={"options":{"queryOptions":{},"requestId":"af53a030-6671-4e44-9e20-b2d269741f7d","dataServiceVersion":"3.0"},"version":"2019-02-02"}
2025-11-27T22:16:29.270Z e5c3abcf-5a54-4948-9a0a-56a36ac4922d debug: TableHandler:queryEntities() Raw response string is "{\"odata.metadata\":\"http://127.0.0.1:10002/devstoreaccount1/$metadata#Tables/@Element\",\"value\":[{\"odata.etag\":\"W/\\\"datetime'2025-11-27T22%3A16%3A00.0321291Z'\\\"\",\"PartitionKey\":\"Assignment\",\"RowKey\":\"10,1\",\"id\":\"10,1\",\"projectId\":\"10\",\"consultantId\":\"1\",\"role\":\"Architect\",\"billable\":true,\"rate\":100,\"forecast\":\"[{\\\"month\\\":3,\\\"year\\\":2024,\\\"hours\\\":23},{\\\"month\\\":4,\\\"year\\\":2024,\\\"hours\\\":80},{\\\"month\\\":5,\\\"year\\\":2024,\\\"hours\\\":100},{\\\"month\\\":6,\\\"year\\\":2024,\\\"hours\\\":1},{\\\"month\\\":7,\\\"year\\\":2024,\\\"hours\\\":120},{\\\"month\\\":8,\\\"year\\\":2024,\\\"hours\\\":120},{\\\"month\\\":9,\\\"year\\\":2024,\\\"hours\\\":120},{\\\"month\\\":10,\\\"year\\\":2024,\\\"hours\\\":120}]\",\"delivered\":\"[]\",\"Timestamp\":\"2025-11-27T22:16:00.0321291Z\"},{\"odata.etag\":\"W/\\\"datetime'2025-11-27T22%3A16%3A00.0341310Z'\\\"\",\"PartitionKey\":\"Assignment\",\"RowKey\":\"10,2\",\"id\":\"10,2\",\"projectId\":\"10\",\"consultantId\":\"2\",\"role\":\"Designer\",\"billable\":true,\"rate\":100,\"forecast\":\"[{\\\"month\\\":3,\\\"year\\\":2024,\\\"hours\\\":100},{\\\"month\\\":4,\\\"year\\\":2024,\\\"hours\\\":20},{\\\"month\\\":5,\\\"year\\\":2024,\\\"hours\\\":20},{\\\"month\\\":6,\\\"year\\\":2024,\\\"hours\\\":20},{\\\"month\\\":7,\\\"year\\\":2024,\\\"hours\\\":20},{\\\"month\\\":8,\\\"year\\\":2024,\\\"hours\\\":10},{\\\"month\\\":9,\\\"year\\\":2024,\\\"hours\\\":10},{\\\"month\\\":10,\\\"year\\\":2024,\\\"hours\\\":10}]\",\"delivered\":\"[]\",\"Timestamp\":\"2025-11-27T22:16:00.0341310Z\"},{\"odata.etag\":\"W/\\\"datetime'2025-11-27T22%3A16%3A00.0371341Z'\\\"\",\"PartitionKey\":\"Assignment\",\"RowKey\":\"4,1\",\"id\":\"4,1\",\"projectId\":\"4\",\"consultantId\":\"1\",\"role\":\"Developer\",\"billable\":true,\"rate\":100,\"forecast\":\"[{\\\"month\\\":3,\\\"year\\\":2024,\\\"hours\\\":40},{\\\"month\\\":4,\\\"year\\\":2024,\\\"hours\\\":40},{\\\"month\\\":5,\\\"year\\\":2024,\\\"hours\\\":40},{\\\"month\\\":6,\\\"year\\\":2024,\\\"hours\\\":40},{\\\"month\\\":7,\\\"year\\\":2024,\\\"hours\\\":40},{\\\"month\\\":8,\\\"year\\\":2024,\\\"hours\\\":40},{\\\"month\\\":9,\\\"year\\\":2024,\\\"hours\\\":40},{\\\"month\\\":10,\\\"year\\\":2024,\\\"hours\\\":40}]\",\"delivered\":\"[]\",\"Timestamp\":\"2025-11-27T22:16:00.0371341Z\"}]}"
2025-11-27T22:16:29.270Z e5c3abcf-5a54-4948-9a0a-56a36ac4922d verbose: SerializerMiddleware: Start serializing...
2025-11-27T22:16:29.270Z e5c3abcf-5a54-4948-9a0a-56a36ac4922d info: Serializer: Start returning stream body.
2025-11-27T22:16:29.270Z e5c3abcf-5a54-4948-9a0a-56a36ac4922d verbose: Send Table telemetry: T_Table_QueryEntities
2025-11-27T22:16:29.270Z e5c3abcf-5a54-4948-9a0a-56a36ac4922d info: EndMiddleware: End response. TotalTimeInMS=0 StatusCode=200 StatusMessage=OK Headers={"server":"Azurite-Table/3.35.0","content-type":"application/json;odata=minimalmetadata","x-ms-client-request-id":"af53a030-6671-4e44-9e20-b2d269741f7d","x-ms-request-id":"e5c3abcf-5a54-4948-9a0a-56a36ac4922d","x-ms-version":"2025-11-05","date":"Thu, 27 Nov 2025 22:16:29 GMT"}
